date,product_id,region,sales_rep_id,units_sold,unit_price,discount,marketing_spend,revenue,cost,profit
2023-01-31,P005,South,REP044,45,103.34,0.112,4535.36,4129.4664,2790.18,1339.2864000000004
2023-12-30,P005,West,REP009,52,108.35,0.111,1448.18,5008.8038,3380.52,1628.2837999999997
2022-05-10,P002,South,REP021,43,111.17,0.023,1523.9,4670.36287,2868.186,1802.1768699999998
2023-07-18,P003,South,REP024,68,96.52,0.025,1758.21,6399.276,3938.0159999999996,2461.26
2023-02-04,P003,West,REP034,42,81.77,0.106,1073.34,3070.29996,2060.604,1009.69596
2022-12-31,P004,South,REP022,55,75.63,0.054,3376.68,3935.0288999999993,2495.7899999999995,1439.2388999999998
2024-09-20,P002,East,REP003,53,120.35,0.004,838.14,6353.0358,3827.129999999999,2525.9058000000005
2022-11-10,P002,East,REP012,42,115.41,0.145,1103.91,4144.3731,2908.332,1236.0411
2024-06-26,P002,South,REP028,56,112.99,0.006,3401.41,6289.4753599999995,3796.4639999999995,2493.01136
2020-05-01,P002,Central,REP030,47,116.22,0.119,2028.47,4812.32154,3277.404,1534.91754
2021-04-11,P003,West,REP026,44,96.77,0.108,3685.77,3798.02896,2554.728,1243.30096
2023-05-23,P003,East,REP048,44,87.5,0.194,3008.41,3103.1000000000004,2310.0,793.1000000000004
2020-11-26,P002,Central,REP021,58,80.39,0.097,1652.1,4210.34586,2797.5719999999997,1412.7738600000007
2024-01-22,P004,South,REP028,39,78.21,0.013,3428.73,3010.5375299999996,1830.1139999999998,1180.4235299999998
2020-03-28,P001,Central,REP026,53,124.24,0.11,1023.23,5860.400799999999,3950.8319999999994,1909.5688
2023-10-28,P001,North,REP033,45,90.14,0.168,2913.85,3374.8416,2433.78,941.0616
2023-01-28,P004,East,REP021,47,121.1,0.199,2467.17,4559.051699999999,3415.02,1144.031699999999
2022-05-21,P002,South,REP035,66,96.26,0.086,1705.43,5806.788240000001,3811.896,1994.8922400000006
2024-08-14,P003,West,REP034,47,86.48,0.064,3218.02,3804.42816,2438.7360000000003,1365.6921599999996
2020-05-10,P001,South,REP041,44,78.11,0.181,4421.0,2814.77196,2062.104,752.6679600000002
2024-08-12,P005,West,REP047,47,88.24,0.038,4995.07,3989.6833599999995,2488.368,1501.3153599999996
2023-08-25,P005,South,REP018,44,128.36,0.123,3234.93,4953.15568,3388.704,1564.4516799999997
2022-02-08,P004,Central,REP011,62,78.32,0.081,2321.18,4462.51696,2913.5039999999995,1549.0129600000005
2020-12-09,P002,Central,REP023,50,142.33,0.008,1513.43,7059.568000000001,4269.900000000001,2789.6680000000006
2024-02-24,P001,Central,REP048,32,83.19,0.069,1656.93,2478.39648,1597.2479999999998,881.1484800000001
2023-12-08,P002,North,REP022,52,115.0,0.053,2657.55,5663.0599999999995,3588.0,2075.0599999999995
2022-03-16,P001,West,REP017,52,97.09,0.137,2152.75,4357.01084,3029.208,1327.8028399999998
2021-01-20,P004,Central,REP005,56,93.59,0.19,4612.17,4245.2424,3144.624,1100.6184000000003
2023-04-30,P004,North,REP044,47,74.57,0.054,2157.33,3315.5313399999995,2102.874,1212.6573399999997
2022-08-13,P005,West,REP011,48,98.03,0.162,2180.5,3943.1587200000004,2823.264,1119.8947200000002
2020-10-03,P002,South,REP030,49,76.83,0.011,2225.91,3723.25863,2258.802,1464.4566299999997
2023-03-30,P005,North,REP015,43,66.37,0.108,4264.79,2545.6877200000004,1712.3460000000002,833.3417200000001
2021-04-04,P002,East,REP027,43,102.39,0.014,3428.55,4341.13122,2641.6620000000003,1699.46922
2023-08-30,P005,North,REP035,59,87.29,0.187,3263.76,4187.03943,3090.0660000000003,1096.9734299999996
2020-01-22,P003,North,REP033,37,133.69,0.153,2003.64,4189.71091,2967.9179999999997,1221.7929100000001
2020-09-09,P003,West,REP020,64,120.0,0.132,4180.57,6666.24,4608.0,2058.24
2022-01-17,P003,South,REP016,48,133.95,0.165,672.64,5368.715999999999,3857.7599999999993,1510.9560000000001
2022-05-06,P003,East,REP034,58,86.38,0.13,4418.59,4358.7348,3006.024,1352.7108000000003
2024-05-03,P001,Central,REP002,54,102.72,0.194,2807.37,4470.78528,3328.128,1142.65728
2021-04-19,P003,Central,REP035,53,47.59,0.143,2292.13,2161.5853899999997,1513.3619999999999,648.2233899999999
2022-12-18,P004,North,REP040,59,94.36,0.185,2737.25,4537.3006,3340.3439999999996,1196.9566
2021-05-25,P004,West,REP028,45,101.97,0.103,3503.37,4116.01905,2753.1899999999996,1362.8290500000003
2024-09-01,P001,West,REP047,31,103.08,0.023,557.44,3121.98396,1917.288,1204.69596
2024-02-08,P003,Central,REP039,56,99.15,0.106,4421.98,4963.845600000001,3331.44,1632.4056000000005
2021-11-30,P003,East,REP006,48,101.33,0.025,2510.33,4742.244,2918.304,1823.9399999999996
2022-09-02,P003,South,REP009,44,45.74,0.118,2043.35,1775.0779200000002,1207.536,567.5419200000001
2024-12-11,P005,East,REP020,46,105.12,0.096,1122.11,4371.31008,2901.3120000000004,1469.9980799999998
2020-07-08,P002,South,REP001,70,109.67,0.125,2477.59,6717.2875,4606.14,2111.1475
2022-08-15,P005,Central,REP008,53,126.76,0.002,2733.45,6704.843440000001,4030.9680000000003,2673.8754400000003
2021-11-17,P002,South,REP023,58,107.37,0.039,2316.41,5984.58906,3736.4759999999997,2248.1130600000006
2022-08-15,P003,West,REP003,46,97.39,0.098,3553.97,4040.90588,2687.9639999999995,1352.9418800000003
2021-07-16,P003,North,REP004,55,122.1,0.19,2394.03,5439.555,4029.2999999999997,1410.2550000000006
2024-05-09,P005,North,REP025,43,52.85,0.077,4826.38,2097.56365,1363.53,734.0336500000001
2023-06-21,P005,Central,REP047,61,89.7,0.085,3196.75,5006.6055,3283.02,1723.5854999999997
2022-04-11,P002,West,REP038,48,84.68,0.143,4133.65,3483.3964800000003,2438.784,1044.6124800000002
2024-03-08,P004,East,REP015,53,99.31,0.121,992.1,4626.55497,3158.058,1468.4969700000001
2023-02-28,P002,West,REP021,51,56.03,0.06,2287.81,2686.0782,1714.518,971.5601999999999
2024-02-17,P005,North,REP035,42,126.39,0.082,2015.81,4873.09284,3185.028,1688.0648400000005
2021-10-08,P005,North,REP046,33,95.0,0.044,3062.67,2997.06,1881.0,1116.06
2020-01-21,P001,West,REP014,52,106.38,0.193,4375.01,4464.13032,3319.056,1145.0743200000002
2022-04-20,P005,West,REP036,55,104.46,0.026,852.52,5595.922199999999,3447.1799999999994,2148.7421999999997
2020-06-15,P001,North,REP012,39,125.25,0.074,826.59,4523.2785,2930.85,1592.4285000000004
2023-07-21,P004,East,REP017,50,62.76,0.005,4326.43,3122.31,1882.8,1239.51
2021-01-22,P002,Central,REP039,63,102.25,0.044,1457.83,6158.313,3865.0499999999997,2293.2630000000004
2021-08-23,P002,Central,REP009,54,122.92,0.156,3509.39,5602.20192,3982.608,1619.5939200000003
2020-11-11,P001,West,REP035,49,98.04,0.04,2942.95,4611.8016,2882.3759999999997,1729.4256
2020-01-14,P002,Central,REP013,54,80.97,0.016,4248.02,4302.42192,2623.428,1678.99392
2020-08-29,P005,North,REP015,59,87.92,0.095,1062.9,4694.4884,3112.368,1582.1204000000002
2022-02-15,P003,North,REP018,57,92.14,0.002,1084.02,5241.4760400000005,3151.188,2090.2880400000004
2023-10-01,P001,West,REP033,47,85.58,0.017,3005.68,3953.8815799999998,2413.3559999999998,1540.52558
2021-07-18,P002,West,REP006,54,96.94,0.162,4758.7,4386.72888,3140.856,1245.8728799999994
2022-06-16,P001,West,REP027,51,130.16,0.154,2367.49,5615.88336,3982.8959999999997,1632.98736
2023-09-25,P001,East,REP023,50,88.05,0.183,1971.24,3596.8424999999997,2641.5,955.3424999999997
2020-04-01,P003,Central,REP027,42,90.25,0.171,3230.1,3142.3244999999997,2274.2999999999997,868.0245
2023-10-22,P005,West,REP034,55,109.2,0.137,4687.02,5183.178,3603.6,1579.578
2022-08-13,P001,South,REP046,44,96.5,0.01,4266.18,4203.54,2547.6,1655.94
2024-01-18,P002,South,REP038,57,73.42,0.157,4979.68,3527.9044200000003,2510.9640000000004,1016.9404199999999
2023-12-22,P004,North,REP014,70,98.78,0.169,601.56,5746.0326000000005,4148.76,1597.2726000000002
2021-05-23,P001,Central,REP036,50,98.02,0.16,1007.86,4116.84,2940.6,1176.2400000000002
2022-02-14,P001,West,REP008,59,119.51,0.102,3242.6,6331.87882,4230.6539999999995,2101.2248200000004
2020-02-04,P003,South,REP035,57,80.56,0.047,4192.59,4376.09976,2755.152,1620.94776
2020-07-24,P005,Central,REP019,48,119.65,0.169,1783.6,4772.599200000001,3445.9200000000005,1326.6792
2023-01-09,P004,North,REP030,59,98.04,0.145,1576.45,4945.6278,3470.6160000000004,1475.0117999999998
2024-05-04,P002,East,REP014,46,77.84,0.196,4041.39,2878.8345600000002,2148.384,730.4505600000002
2023-11-12,P004,Central,REP020,59,73.82,0.031,753.72,4220.363219999999,2613.2279999999996,1607.1352199999997
2022-10-22,P002,Central,REP049,57,138.69,0.045,2162.22,7549.59015,4743.197999999999,2806.3921500000006
2022-10-18,P005,East,REP025,53,96.8,0.042,2776.14,4914.923199999999,3078.24,1836.6831999999995
2023-11-14,P002,Central,REP040,45,118.73,0.159,3021.57,4493.336850000001,3205.71,1287.6268500000006
2021-07-19,P003,North,REP024,47,65.84,0.037,3778.77,2979.9842399999998,1856.6879999999999,1123.29624
2023-02-03,P003,North,REP014,46,152.75,0.013,2096.81,6935.1555,4215.9,2719.2555
2024-11-30,P003,East,REP026,48,117.86,0.2,3257.08,4525.824,3394.368,1131.4559999999997
2024-02-09,P003,West,REP038,56,94.89,0.005,3134.19,5287.2708,3188.304,2098.9668
2021-12-03,P004,South,REP023,49,93.88,0.167,2964.27,3831.8999599999997,2760.0719999999997,1071.82796
2021-02-05,P005,West,REP022,46,114.69,0.073,3382.17,4890.61098,3165.444,1725.1669800000004
2021-12-30,P002,Central,REP048,47,113.54,0.168,1667.52,4439.86816,3201.828,1238.04016
2024-04-28,P002,South,REP019,53,103.65,0.111,880.92,4883.677050000001,3296.07,1587.607050000001
2020-06-10,P003,East,REP046,53,100.22,0.18,1036.72,4355.5612,3186.9959999999996,1168.5652000000005
2020-07-20,P003,East,REP003,48,111.22,0.185,1510.62,4350.926399999999,3203.1359999999995,1147.7903999999999
2022-09-22,P001,South,REP042,39,65.17,0.002,2750.89,2536.54674,1524.978,1011.5687400000002
2020-09-26,P005,North,REP019,45,92.57,0.015,4281.99,4103.16525,2499.39,1603.7752500000001
2022-03-26,P004,South,REP009,50,67.06,0.05,3655.82,3185.35,2011.8,1173.55
2023-07-18,P002,Central,REP028,72,112.09,0.134,4050.68,6989.03568,4842.2880000000005,2146.7476799999995
2021-03-31,P001,North,REP020,48,86.48,0.178,2079.39,3412.15488,2490.624,921.5308800000003
2024-01-25,P001,East,REP045,54,68.57,0.092,2320.94,3362.12424,2221.6679999999997,1140.4562400000004
2024-10-16,P002,South,REP007,47,84.12,0.121,2271.57,3475.24956,2372.184,1103.06556
2023-06-29,P004,West,REP014,45,102.99,0.038,1363.43,4458.4371,2780.73,1677.7071
2022-10-13,P001,West,REP009,50,95.9,0.161,775.47,4023.0049999999997,2877.0,1146.0049999999997
2024-09-21,P001,Central,REP019,45,76.54,0.193,3159.12,2779.5501,2066.58,712.9701
2020-10-22,P005,West,REP047,37,65.9,0.054,4951.48,2306.6318,1462.98,843.6518000000001
2024-10-14,P004,South,REP014,66,101.48,0.099,1250.73,6034.6096800000005,4018.608,2016.0016800000003
2021-12-20,P001,South,REP038,39,88.38,0.017,710.08,3388.2240599999996,2068.0919999999996,1320.13206
2024-11-07,P004,West,REP036,53,94.84,0.112,4007.89,4463.549760000001,3015.9120000000003,1447.6377600000005
2020-12-03,P002,South,REP040,45,96.81,0.101,1636.64,3916.44855,2613.87,1302.5785500000002
2022-05-28,P003,Central,REP017,70,108.6,0.029,4233.4,7381.5419999999995,4561.2,2820.3419999999996
2022-12-12,P001,North,REP030,54,116.94,0.088,3667.72,5759.06112,3788.8559999999998,1970.2051200000005
2022-03-02,P005,Central,REP009,52,102.93,0.067,4755.53,4993.751880000001,3211.416,1782.3358800000005
2020-08-04,P002,Central,REP033,45,93.59,0.104,2340.17,3773.5488,2526.93,1246.6188000000002
2022-02-02,P004,South,REP025,39,100.5,0.117,3478.86,3460.9185,2351.7,1109.2185000000004
2020-07-06,P002,North,REP014,65,93.22,0.002,2591.85,6047.1814,3635.58,2411.6014000000005
2021-01-14,P001,South,REP011,60,67.15,0.152,3337.65,3416.592,2417.4,999.192
2021-05-07,P004,East,REP035,52,121.84,0.143,2523.2,5429.6777600000005,3801.408,1628.2697600000006
2022-11-30,P003,South,REP041,54,118.07,0.073,1348.85,5910.34806,3825.468,2084.8800600000004
2023-03-26,P002,South,REP014,44,139.77,0.011,2785.54,6082.23132,3689.928,2392.30332
2020-01-15,P001,South,REP030,67,145.61,0.151,2878.63,8282.73363,5853.522,2429.2116300000007
2020-03-05,P005,North,REP041,58,76.48,0.191,4147.72,3588.59456,2661.504,927.0905600000001
2021-06-04,P004,South,REP004,39,93.29,0.048,3809.84,3463.6711200000004,2182.9860000000003,1280.68512
2023-09-29,P002,North,REP004,49,150.23,0.065,3487.06,6882.78745,4416.762,2466.02545
2023-02-26,P002,West,REP028,49,99.19,0.037,1010.24,4680.478529999999,2916.1859999999997,1764.2925299999997
2021-10-09,P003,East,REP008,49,104.88,0.115,3742.77,4548.1212,3083.4719999999998,1464.6491999999998
2024-02-04,P003,North,REP002,52,69.58,0.031,2751.37,3505.9970399999997,2170.8959999999997,1335.10104
2022-12-22,P005,West,REP041,44,103.01,0.071,4523.45,4210.63676,2719.4640000000004,1491.17276
2023-03-08,P005,North,REP046,39,138.64,0.139,4639.42,4655.392559999999,3244.1759999999995,1411.2165599999998
2024-03-02,P001,North,REP022,60,125.73,0.112,748.2,6698.8944,4526.28,2172.6144000000004
2021-08-15,P001,East,REP041,43,87.8,0.077,4192.89,3484.6942000000004,2265.24,1219.4542000000006
2021-01-26,P005,Central,REP016,44,92.07,0.084,669.64,3710.78928,2430.6479999999997,1280.1412800000003
2024-08-25,P005,Central,REP029,49,77.38,0.112,2152.26,3366.95856,2274.9719999999998,1091.9865600000003
2021-02-22,P004,North,REP049,52,82.98,0.001,2940.35,4310.64504,2588.976,1721.6690400000002
2020-10-15,P003,South,REP048,58,61.8,0.016,1166.45,3527.0495999999994,2150.64,1376.4095999999995
2021-01-13,P001,West,REP030,51,98.3,0.176,3858.41,4130.9592,3007.98,1122.9792000000002
2024-12-01,P003,South,REP012,52,130.2,0.016,537.6,6662.0736,4062.24,2599.8336
2024-02-22,P003,South,REP035,55,107.11,0.141,1258.7,5060.41195,3534.63,1525.7819499999996
2020-08-18,P005,North,REP011,37,127.32,0.184,3113.59,3844.0454400000003,2826.504,1017.5414400000004
2022-10-14,P004,North,REP046,62,121.46,0.054,3714.74,7123.87192,4518.312,2605.5599199999997
2020-02-10,P002,North,REP050,51,89.06,0.074,4624.89,4205.9475600000005,2725.2360000000003,1480.7115600000002
2022-11-17,P004,North,REP021,47,84.81,0.114,3674.73,3531.6580200000003,2391.642,1140.0160200000005
2020-05-14,P004,Central,REP021,53,85.58,0.176,3523.01,3737.44976,2721.444,1016.00576
2020-07-19,P003,North,REP005,49,65.66,0.188,2274.54,2612.48008,1930.4039999999998,682.07608
2022-02-18,P004,Central,REP048,44,100.65,0.148,505.78,3773.1672000000003,2657.1600000000003,1116.0072
2022-07-18,P001,Central,REP020,48,41.91,0.017,1040.72,1977.4814399999998,1207.0079999999998,770.47344
2022-11-22,P003,North,REP037,45,111.83,0.134,2905.5,4358.0151000000005,3019.4100000000003,1338.6051000000002
2022-12-07,P001,East,REP003,50,101.44,0.082,3538.08,4656.0960000000005,3043.2,1612.8960000000006
2021-05-17,P002,West,REP044,50,109.43,0.094,2378.52,4957.179,3282.9,1674.279
2021-02-10,P003,South,REP033,39,121.14,0.01,3788.06,4677.2154,2834.676,1842.5394000000001
2024-05-16,P002,Central,REP009,48,103.98,0.038,2848.38,4801.38048,2994.624,1806.75648
2024-10-17,P003,West,REP009,45,132.63,0.158,833.79,5025.350699999999,3581.0099999999998,1444.3406999999993
2022-03-15,P005,East,REP004,42,112.44,0.091,1364.07,4292.73432,2833.488,1459.2463199999997
2020-04-08,P004,South,REP035,43,84.86,0.06,4279.99,3430.0411999999997,2189.388,1240.6531999999997
2021-11-14,P005,South,REP017,54,95.25,0.077,3762.11,4747.4505,3086.1,1661.3505
2021-12-26,P002,Central,REP034,45,54.77,0.171,4526.43,2043.19485,1478.79,564.4048500000001
2024-04-19,P004,North,REP024,44,81.96,0.15,1029.01,3065.3039999999996,2163.7439999999997,901.56
2022-08-18,P003,East,REP032,51,92.38,0.054,4956.0,4456.96548,2826.828,1630.1374799999999
2024-10-28,P004,Central,REP001,47,110.93,0.024,1442.33,5088.58096,3128.226,1960.3549600000001
2021-09-04,P001,East,REP008,56,84.99,0.05,553.01,4521.468,2855.6639999999998,1665.804
2024-01-25,P004,North,REP045,46,75.07,0.184,4988.4,2817.82752,2071.932,745.89552
2021-10-04,P001,North,REP023,50,62.25,0.116,1764.83,2751.45,1867.5,883.9499999999998
2024-11-27,P004,Central,REP047,59,88.07,0.107,3506.09,4640.14409,3117.6779999999994,1522.4660900000003
2022-10-25,P001,North,REP040,48,139.02,0.119,1295.07,5878.877760000001,4003.7760000000003,1875.101760000001
2023-05-26,P002,West,REP012,50,105.42,0.073,3111.03,4886.217000000001,3162.6,1723.6170000000006
2021-05-17,P005,South,REP012,59,118.79,0.161,4568.16,5880.22379,4205.166,1675.0577899999998
2022-02-05,P003,Central,REP046,55,82.0,0.105,1940.82,4036.4500000000003,2706.0,1330.4500000000003
2021-02-01,P004,East,REP047,52,68.53,0.023,3516.14,3481.5981199999997,2138.136,1343.4621199999997
2022-05-20,P005,West,REP015,54,75.58,0.026,1345.57,3975.2056799999996,2448.792,1526.4136799999997
2022-03-05,P003,Central,REP041,54,98.06,0.107,3311.58,4728.6493199999995,3177.144,1551.5053199999998
2021-01-27,P003,North,REP019,40,60.12,0.187,2014.03,1955.1023999999995,1442.8799999999999,512.2223999999997
2020-07-25,P001,North,REP026,55,79.87,0.062,1450.44,4120.4933,2635.71,1484.7833
2022-11-04,P002,North,REP029,42,88.27,0.174,1909.32,3062.26284,2224.4039999999995,837.8588400000003
2024-04-26,P002,North,REP022,60,73.58,0.153,1304.78,3739.3356,2648.88,1090.4555999999998
2022-06-10,P005,East,REP040,47,57.53,0.05,4558.62,2568.7144999999996,1622.3459999999998,946.3684999999998
2024-01-24,P002,West,REP021,44,105.79,0.007,2287.34,4622.1766800000005,2792.856,1829.3206800000003
2024-09-10,P004,South,REP038,52,100.92,0.02,1603.76,5142.8832,3148.704,1994.1792
2024-05-17,P002,East,REP020,35,115.58,0.146,2517.84,3454.6861999999996,2427.18,1027.5061999999998
2022-05-13,P005,East,REP029,44,77.79,0.04,1942.41,3285.8496,2053.656,1232.1936
2022-01-12,P002,South,REP004,51,115.2,0.074,3849.89,5440.4352,3525.12,1915.3152
2023-06-18,P004,South,REP007,48,130.59,0.1,4870.49,5641.488,3760.9919999999997,1880.4960000000005
2021-07-17,P001,North,REP028,54,105.24,0.145,2471.15,4858.9308,3409.776,1449.1548000000003
2022-10-17,P005,East,REP028,42,87.8,0.023,4374.65,3602.7852,2212.56,1390.2251999999999
2020-04-05,P001,Central,REP004,48,102.9,0.081,3046.38,4539.1248000000005,2963.5200000000004,1575.6048
2024-10-23,P001,South,REP022,53,86.84,0.097,1207.56,4156.07556,2761.512,1394.56356
2021-04-29,P001,South,REP012,40,83.51,0.108,3607.8,2979.6368,2004.24,975.3968000000002
2023-12-01,P003,West,REP045,40,113.67,0.164,2810.46,3801.1248,2728.08,1073.0448000000001
2020-08-18,P003,Central,REP003,41,97.22,0.034,3427.73,3850.49532,2391.612,1458.88332
2022-01-18,P001,Central,REP022,43,124.1,0.162,4503.59,4471.8194,3201.78,1270.0394000000001
2024-08-05,P005,South,REP044,60,91.15,0.139,2481.96,4708.809,3281.4,1427.409
2023-04-09,P004,North,REP002,50,93.18,0.111,4555.3,4141.851,2795.4,1346.4509999999996
2021-06-24,P004,West,REP024,37,88.67,0.14,3878.01,2821.4793999999997,1968.474,853.0053999999998
2022-11-25,P002,Central,REP034,51,77.6,0.082,2698.72,3633.0768000000003,2374.56,1258.5168000000003
2021-06-08,P005,South,REP027,54,116.29,0.028,3214.5,6103.82952,3767.7960000000003,2336.03352
2023-03-29,P003,Central,REP041,51,143.71,0.133,1965.12,6354.42507,4397.526,1956.8990700000004
2024-09-18,P001,West,REP001,57,92.36,0.105,4926.19,4711.7454,3158.7119999999995,1553.0334000000003
2023-06-20,P002,West,REP008,50,86.39,0.128,3503.08,3766.604,2591.7,1174.904
2023-01-14,P004,East,REP023,57,85.09,0.068,697.31,4520.3211599999995,2910.078,1610.2431599999995
2024-12-24,P003,South,REP038,43,86.41,0.181,1969.8,3043.1009699999995,2229.3779999999997,813.7229699999998
2021-07-31,P003,West,REP006,60,133.0,0.117,3304.91,7046.34,4788.0,2258.34
2021-11-12,P001,East,REP022,37,85.63,0.017,753.5,3114.44873,1900.9859999999999,1213.4627300000002
2021-07-10,P004,East,REP025,43,88.29,0.09,607.48,3454.7877000000003,2277.882,1176.9057000000003
2024-05-16,P005,Central,REP018,60,75.19,0.151,2525.11,3830.1785999999997,2706.8399999999997,1123.3386
2022-10-09,P003,Central,REP017,36,105.87,0.159,1997.11,3205.32012,2286.792,918.52812
2021-10-07,P001,East,REP012,37,98.66,0.099,2472.34,3289.02842,2190.252,1098.7764200000001
2022-03-06,P005,Central,REP006,57,77.26,0.179,1682.12,3615.5362200000004,2642.2920000000004,973.24422
2022-11-17,P004,West,REP026,46,82.14,0.054,1241.23,3574.40424,2267.064,1307.34024
2024-07-01,P003,North,REP027,47,130.66,0.082,3601.15,5637.45636,3684.6119999999996,1952.8443600000005
2024-04-28,P005,West,REP008,37,100.65,0.18,2815.57,3053.7210000000005,2234.43,819.2910000000006
2023-09-25,P005,East,REP019,49,102.03,0.179,1400.69,4104.56487,2999.6820000000002,1104.88287
2024-12-26,P005,East,REP042,53,102.11,0.137,1938.15,4670.40929,3247.098,1423.3112899999996
2023-09-16,P003,West,REP001,53,127.89,0.172,3163.14,5612.32476,4066.902,1545.4227600000004
2024-07-21,P003,Central,REP029,56,79.1,0.018,825.03,4349.8672,2657.7599999999998,1692.1072
2024-03-09,P002,Central,REP045,52,92.07,0.173,1163.54,3959.3782799999994,2872.5839999999994,1086.79428
2023-10-03,P004,East,REP049,55,96.62,0.064,829.61,4973.9976,3188.46,1785.5375999999997
2024-02-05,P001,South,REP035,50,65.58,0.036,4155.43,3160.9559999999997,1967.3999999999999,1193.5559999999998
2023-06-08,P005,Central,REP040,54,81.68,0.048,3885.84,4199.00544,2646.4320000000002,1552.5734399999997
2020-07-08,P002,West,REP014,55,120.93,0.084,3889.91,6092.4534,3990.69,2101.7634000000003
2023-06-02,P001,Central,REP035,43,115.2,0.05,3723.46,4705.92,2972.1600000000003,1733.7599999999998
2023-11-09,P002,West,REP048,56,118.74,0.064,3512.23,6223.87584,3989.6639999999998,2234.21184
2023-11-01,P003,East,REP045,53,88.22,0.027,2646.46,4549.4171799999995,2805.3959999999997,1744.0211799999997
2023-07-30,P005,Central,REP020,52,90.69,0.059,3390.25,4437.643080000001,2829.528,1608.115080000001
2021-09-24,P001,West,REP049,42,64.24,0.114,672.63,2390.49888,1618.848,771.6508800000001
2021-09-19,P001,East,REP013,55,118.64,0.088,3296.59,5950.9824,3915.12,2035.8624
2022-08-30,P001,South,REP038,43,121.93,0.069,4000.45,4881.223690000001,3145.7940000000003,1735.4296900000004
2024-11-03,P001,West,REP049,44,121.68,0.149,2751.61,4556.18592,3212.352,1343.83392
2023-07-06,P001,South,REP046,48,132.08,0.179,2108.81,5205.00864,3803.904,1401.10464
2023-10-14,P002,South,REP049,50,108.44,0.151,1748.42,4603.278,3253.2,1350.0780000000004
2021-12-10,P005,North,REP008,37,131.14,0.066,3392.61,4531.936119999999,2911.3079999999995,1620.6281199999999
2024-01-19,P003,Central,REP043,47,95.99,0.149,3617.61,3839.3120299999996,2706.9179999999997,1132.39403
2023-12-05,P003,West,REP020,53,64.66,0.03,4419.35,3324.1706,2056.188,1267.9825999999998
2021-10-10,P003,South,REP033,45,117.21,0.026,2040.5,5137.3143,3164.6699999999996,1972.6443000000004
2020-11-13,P003,North,REP026,45,63.92,0.069,3963.98,2677.9284000000002,1725.84,952.0884000000003
2024-08-27,P002,East,REP039,53,103.4,0.162,3026.1,4592.4076000000005,3288.1200000000003,1304.2876
2023-06-02,P004,West,REP021,45,119.11,0.049,4472.76,5097.312449999999,3215.97,1881.3424499999996
2023-06-11,P005,South,REP049,54,106.49,0.013,2875.15,5675.70402,3450.276,2225.4280200000003
2021-11-14,P001,Central,REP042,52,145.56,0.026,2829.33,7372.32288,4541.472,2830.85088
2021-10-25,P004,North,REP043,53,60.68,0.172,3100.45,2662.88112,1929.6239999999998,733.2571200000002
2023-10-29,P003,South,REP041,56,98.34,0.127,3871.92,4807.64592,3304.2239999999997,1503.4219200000002
2024-08-22,P004,Central,REP009,43,100.35,0.051,4841.11,4094.98245,2589.03,1505.9524499999998
2024-06-19,P005,South,REP024,54,73.12,0.111,831.04,3510.1987200000003,2369.088,1141.1107200000001
2024-02-04,P001,West,REP037,49,76.93,0.106,740.46,3369.9955800000002,2261.742,1108.25358
2023-06-10,P001,West,REP049,45,83.1,0.131,4718.98,3249.6254999999996,2243.7,1005.9254999999998
2024-09-11,P005,West,REP041,60,78.01,0.047,2884.44,4460.611800000001,2808.36,1652.2518000000005
2023-02-10,P005,North,REP017,51,97.84,0.173,3267.06,4126.59768,2993.904,1132.6936799999999
2024-02-29,P003,West,REP024,53,87.94,0.062,2670.91,4371.84916,2796.4919999999997,1575.35716
2021-03-17,P001,Central,REP021,46,106.36,0.139,921.46,4212.49416,2935.536,1276.9581600000001
2021-07-17,P004,South,REP039,58,112.99,0.003,3956.4,6533.75974,3932.0519999999997,2601.7077400000007
2023-07-15,P002,East,REP041,52,111.64,0.075,3862.51,5369.884,3483.1679999999997,1886.7160000000003
2024-03-13,P002,Central,REP039,46,91.8,0.07,1902.66,3927.2039999999997,2533.68,1393.524
2023-11-10,P005,Central,REP013,41,105.69,0.109,1878.08,3860.96139,2599.9739999999997,1260.9873900000002
2023-11-11,P003,West,REP011,47,120.7,0.015,4270.29,5587.806500000001,3403.7400000000002,2184.0665000000004
2023-02-10,P002,North,REP046,51,108.91,0.158,825.61,4676.81322,3332.6459999999997,1344.1672200000003
2024-06-24,P001,South,REP019,53,137.18,0.044,4464.97,6950.63624,4362.324,2588.31224
2024-07-06,P005,North,REP011,53,119.64,0.135,1654.98,5484.8958,3804.5519999999997,1680.3438000000006
2022-08-09,P004,South,REP013,52,134.37,0.161,3168.43,5862.29436,4192.344,1669.9503599999998
2023-01-09,P005,South,REP046,53,50.15,0.112,4711.97,2360.2596,1594.7699999999998,765.4896000000001
2021-11-29,P004,North,REP045,52,101.93,0.148,3551.55,4515.90672,3180.2160000000003,1335.6907199999996
2020-04-22,P005,Central,REP001,49,93.52,0.132,2364.93,3977.5926399999994,2749.488,1228.1046399999996
2020-01-02,P005,South,REP040,48,97.5,0.071,3602.9,4347.72,2808.0,1539.7200000000003
2021-10-03,P005,North,REP044,52,83.9,0.162,2047.91,3656.0264,2617.68,1038.3464000000004
2020-08-07,P004,South,REP019,63,107.92,0.059,1747.66,6397.821360000001,4079.3759999999997,2318.445360000001
2024-05-08,P004,East,REP012,50,63.83,0.114,4985.07,2827.669,1914.8999999999999,912.769
2022-05-04,P005,Central,REP008,53,108.07,0.149,3878.56,4874.28121,3436.6259999999997,1437.6552100000004
2024-10-25,P002,West,REP008,55,84.57,0.076,3401.24,4297.8474,2790.8099999999995,1507.0374000000002
2023-06-02,P003,South,REP045,35,89.99,0.061,2098.8,2957.52135,1889.7899999999997,1067.7313500000002
2021-01-19,P003,East,REP012,54,108.77,0.092,721.22,5333.21064,3524.1479999999997,1809.0626400000006
2023-11-27,P003,West,REP048,47,101.58,0.164,639.76,3991.28136,2864.556,1126.72536
2024-07-19,P004,West,REP033,42,121.08,0.186,2993.82,4139.48304,3051.216,1088.2670400000002
2023-02-27,P004,South,REP045,54,80.61,0.109,3929.15,3878.4695399999996,2611.7639999999997,1266.70554
2022-12-12,P002,North,REP026,53,98.39,0.132,2918.21,4526.33356,3128.802,1397.53156
2024-09-03,P003,South,REP039,42,117.78,0.181,4283.53,4051.39644,2968.056,1083.34044
2021-12-30,P003,East,REP028,52,107.22,0.02,650.42,5463.931199999999,3345.2639999999997,2118.6671999999994
2024-08-22,P005,West,REP005,54,108.51,0.046,2150.38,5590.00116,3515.7239999999997,2074.27716
2024-09-29,P004,South,REP008,53,122.16,0.142,1566.82,5555.10384,3884.6879999999996,1670.4158400000001
2023-12-10,P003,North,REP025,42,91.88,0.165,2512.73,3222.2316,2315.3759999999997,906.8556000000003
2020-09-03,P002,South,REP027,56,87.66,0.171,825.69,4069.5278399999997,2945.3759999999997,1124.15184
2022-04-15,P002,Central,REP046,54,111.52,0.083,4793.59,5522.24736,3613.248,1908.9993600000003
2024-01-02,P003,North,REP023,51,97.01,0.018,1504.65,4858.45482,2968.506,1889.94882
2020-07-21,P004,East,REP030,48,122.44,0.088,4650.38,5359.93344,3526.272,1833.6614399999999
2023-04-22,P002,West,REP045,51,107.4,0.046,2416.52,5225.439600000001,3286.44,1938.9996000000006
2020-05-02,P005,South,REP047,62,87.53,0.058,4934.86,5112.10212,3256.1159999999995,1855.98612
2021-02-04,P002,North,REP023,52,106.77,0.154,2993.26,4697.02584,3331.2239999999997,1365.8018400000005
2022-02-05,P001,Central,REP049,34,81.95,0.015,4688.75,2744.5055,1671.78,1072.7255000000002
2020-10-20,P001,North,REP047,48,118.94,0.166,524.07,4761.40608,3425.4719999999998,1335.93408
2020-10-06,P004,Central,REP020,52,72.06,0.086,3867.07,3424.86768,2248.272,1176.59568
2022-06-02,P003,East,REP018,60,124.44,0.119,4563.73,6577.8984,4479.839999999999,2098.058400000001
2024-06-21,P004,West,REP018,60,106.42,0.018,1128.74,6270.2663999999995,3831.12,2439.1463999999996
2020-07-16,P004,East,REP002,55,96.71,0.067,932.57,4962.67365,3191.4299999999994,1771.2436500000003
2022-09-08,P004,South,REP004,49,115.27,0.018,2410.58,5546.56186,3388.9379999999996,2157.62386
2024-03-14,P004,North,REP030,36,110.23,0.192,4701.56,3206.37024,2380.968,825.4022400000003
2022-01-21,P005,Central,REP033,57,126.61,0.161,2940.74,6054.870029999999,4330.062,1724.8080299999992
2020-05-23,P005,Central,REP036,64,126.42,0.092,2873.55,7346.51904,4854.528,2491.99104
2021-08-31,P002,North,REP018,48,107.05,0.045,1135.07,4907.172,3083.0399999999995,1824.132
2023-05-09,P001,North,REP037,43,82.56,0.187,503.55,2886.2150399999996,2130.048,756.1670399999998
2023-02-21,P004,South,REP019,49,89.17,0.069,4145.63,4067.84623,2621.598,1446.2482300000001
2020-07-05,P002,East,REP047,39,98.57,0.032,894.09,3721.2146399999997,2306.5379999999996,1414.6766400000001
2023-09-11,P001,Central,REP028,49,121.63,0.113,3352.32,5286.40469,3575.922,1710.4826900000003
2021-04-08,P003,South,REP040,57,90.87,0.189,4615.77,4200.647489999999,3107.754,1092.8934899999995
2023-10-04,P005,East,REP020,46,92.54,0.001,1438.93,4252.58316,2554.104,1698.4791600000003
2024-11-29,P001,South,REP049,41,136.97,0.048,3493.73,5346.21304,3369.4619999999995,1976.75104
2021-10-21,P003,Central,REP033,47,97.91,0.188,854.14,3736.63724,2761.0619999999994,975.5752400000006
2022-02-02,P001,North,REP012,36,87.31,0.034,3216.9,3036.29256,1885.8959999999997,1150.3965600000001
2022-08-12,P005,North,REP015,57,115.53,0.023,1237.69,6433.75017,3951.1259999999997,2482.6241700000005
2021-02-06,P005,East,REP041,47,98.88,0.114,3811.79,4117.56096,2788.4159999999997,1329.14496
2023-10-01,P002,West,REP039,42,72.21,0.172,1855.54,2511.17496,1819.6919999999998,691.48296
2024-03-14,P004,East,REP002,50,120.82,0.095,2585.26,5467.1050000000005,3624.6,1842.5050000000006
2020-05-26,P001,West,REP029,51,85.06,0.199,3197.44,3474.78606,2602.8360000000002,871.9500599999997
2023-03-17,P001,South,REP041,41,100.87,0.136,1270.73,3573.21888,2481.402,1091.8168799999999
2022-05-13,P003,South,REP010,50,98.64,0.015,3837.37,4858.0199999999995,2959.2,1898.8199999999997
2024-09-30,P005,Central,REP002,53,104.6,0.199,1861.88,4440.583799999999,3326.2799999999993,1114.3038000000001
2021-05-03,P001,West,REP011,50,56.18,0.082,3480.67,2578.6620000000003,1685.3999999999999,893.2620000000004
2022-07-17,P005,Central,REP013,49,93.3,0.057,1212.27,4311.1131,2743.02,1568.0930999999996
2024-07-21,P001,North,REP010,57,122.5,0.112,3596.53,6200.46,4189.5,2010.96
2021-07-04,P002,West,REP014,48,125.31,0.061,1076.85,5647.972320000001,3608.928,2039.0443200000009
2020-12-03,P004,East,REP018,55,80.17,0.017,2414.1,4334.39105,2645.61,1688.78105
2022-05-21,P001,North,REP009,53,118.41,0.0,1612.43,6275.73,3765.4379999999996,2510.292
2021-10-02,P005,North,REP039,59,84.77,0.09,3867.69,4551.301299999999,3000.8579999999997,1550.4432999999995
2024-12-07,P002,East,REP028,51,92.51,0.167,1679.16,3930.10233,2830.806,1099.2963300000001
2021-04-17,P001,North,REP003,47,93.56,0.114,4467.73,3896.0255199999997,2638.392,1257.6335199999999
2020-05-30,P003,West,REP020,50,102.18,0.2,4513.19,4087.2000000000003,3065.4,1021.8000000000002
2023-12-09,P004,Central,REP006,50,120.03,0.057,1383.99,5659.4145,3600.9,2058.5144999999998
2023-08-14,P001,North,REP027,58,105.29,0.056,3262.31,5764.83808,3664.092,2100.7460800000003
2024-06-22,P002,West,REP002,59,97.48,0.032,894.73,5567.277760000001,3450.7920000000004,2116.4857600000005
2020-09-19,P003,South,REP029,46,119.35,0.033,2261.92,5308.926699999999,3294.0599999999995,2014.8666999999996
2024-11-22,P002,West,REP038,56,83.95,0.057,3709.95,4433.231599999999,2820.72,1612.5115999999994
2020-05-23,P002,Central,REP003,42,98.46,0.159,3467.4,3477.80412,2481.1919999999996,996.6121200000002
2020-12-11,P003,West,REP016,52,119.92,0.181,3311.15,5107.152959999999,3741.504,1365.6489599999995
2021-09-15,P002,East,REP030,53,110.59,0.195,1771.43,4718.32235,3516.762,1201.5603500000002
2022-10-13,P003,Central,REP040,51,90.67,0.046,2201.11,4411.45818,2774.502,1636.9561799999997
2024-05-14,P001,South,REP002,53,69.74,0.176,963.26,3045.68528,2217.732,827.9532800000002
2022-05-30,P003,East,REP017,51,106.22,0.066,3735.6,5059.68348,3250.332,1809.3514799999998
2020-01-02,P003,West,REP041,45,68.43,0.023,2767.5,3008.5249500000004,1847.6100000000001,1160.9149500000003
2022-06-15,P004,Central,REP012,43,95.75,0.174,3689.45,3400.8485,2470.35,930.4985000000001
2023-08-20,P003,South,REP035,41,123.58,0.127,1620.25,4423.29894,3040.0679999999998,1383.23094
2020-09-10,P003,East,REP043,57,111.94,0.033,1959.97,6170.02086,3828.348,2341.6728599999997
2024-08-02,P001,South,REP001,38,59.53,0.086,2003.97,2067.59596,1357.2839999999999,710.3119600000002
2021-03-28,P004,West,REP045,58,104.01,0.057,615.84,5688.72294,3619.548,2069.17494
2022-11-26,P005,South,REP015,42,93.62,0.147,2034.72,3354.03012,2359.2239999999997,994.8061200000002
2023-03-29,P001,North,REP026,44,74.53,0.091,4114.87,2980.9018800000003,1967.592,1013.3098800000002
2022-10-11,P001,East,REP037,59,106.7,0.198,4537.84,5048.8306,3777.18,1271.6506000000004
2020-01-09,P005,South,REP021,45,90.17,0.011,2831.98,4013.0158500000002,2434.59,1578.42585
2023-06-10,P003,West,REP049,59,90.29,0.071,2549.76,4948.885190000001,3196.266,1752.6191900000008
2023-01-27,P002,West,REP031,53,102.48,0.096,638.71,4910.0217600000005,3258.864,1651.1577600000005
2024-08-09,P004,South,REP025,42,87.48,0.101,4456.42,3303.0698400000006,2204.496,1098.5738400000005
2022-03-26,P002,West,REP023,47,101.91,0.063,558.55,4488.01449,2873.8619999999996,1614.15249
2020-07-26,P005,Central,REP024,50,88.13,0.146,4751.38,3763.151,2643.9,1119.2509999999997
2023-02-28,P001,Central,REP038,32,89.23,0.175,2701.47,2355.672,1713.2160000000001,642.4559999999999
2021-02-07,P001,Central,REP028,43,119.86,0.188,2038.71,4185.03176,3092.3879999999995,1092.6437600000004
2020-05-31,P004,North,REP021,61,121.89,0.161,4658.98,6238.20831,4461.174,1777.03431
2020-02-23,P001,South,REP043,49,65.83,0.17,609.76,2677.3061,1935.402,741.9040999999997
2023-02-17,P001,North,REP018,42,114.94,0.11,3116.41,4296.4572,2896.488,1399.9692
2024-08-23,P004,West,REP036,48,127.97,0.165,2970.2,5129.0376,3685.5359999999996,1443.5016
2021-09-19,P004,North,REP035,48,131.15,0.061,1486.94,5911.192800000001,3777.1200000000003,2134.0728000000004
2021-08-09,P005,West,REP045,42,110.41,0.08,2429.99,4266.2424,2782.332,1483.9104000000002
2024-07-06,P001,West,REP009,43,78.85,0.063,3435.19,3176.94535,2034.3299999999997,1142.6153500000003
2023-12-14,P001,East,REP038,50,112.6,0.093,3772.09,5106.41,3378.0,1728.4099999999999
2023-12-16,P005,Central,REP030,61,82.61,0.057,503.23,4751.97503,3023.526,1728.4490299999998
2020-04-13,P003,West,REP044,50,93.14,0.192,4715.84,3762.856,2794.2,968.6560000000004
2020-09-10,P003,East,REP034,49,107.66,0.063,1240.36,4942.99358,3165.204,1777.7895800000001
2023-06-04,P003,Central,REP032,42,83.9,0.02,1551.11,3453.324,2114.28,1339.0439999999999
2023-02-09,P005,West,REP003,49,77.07,0.105,1685.63,3379.90485,2265.8579999999997,1114.0468500000002
2021-05-24,P001,West,REP003,40,109.32,0.011,670.19,4324.699199999999,2623.6799999999994,1701.0191999999997
2024-02-05,P005,North,REP028,45,137.34,0.022,1053.73,6044.3334,3708.18,2336.1534000000006
2020-04-08,P005,North,REP044,47,124.86,0.044,4938.57,5610.209519999999,3521.052,2089.1575199999993
2020-06-01,P003,Central,REP015,48,114.14,0.093,1918.48,4969.19904,3287.232,1681.9670400000005
2022-07-02,P002,West,REP041,40,119.58,0.087,1018.85,4367.0616,2869.9199999999996,1497.1416000000004
2022-05-27,P001,South,REP023,44,112.75,0.16,981.46,4167.24,2976.6,1190.6399999999999
2020-12-03,P003,North,REP040,51,109.0,0.148,3737.57,4736.268,3335.4,1400.868
2024-09-25,P002,Central,REP011,48,117.97,0.085,4345.56,5181.2424,3397.5359999999996,1783.7064000000005
2022-04-01,P002,West,REP048,50,72.63,0.067,1656.29,3388.1895000000004,2178.9,1209.2895000000003
2023-04-01,P004,West,REP032,44,103.99,0.063,594.09,4287.29972,2745.336,1541.9637200000002
2024-10-09,P001,South,REP036,45,98.38,0.155,1503.91,3740.8994999999995,2656.2599999999998,1084.6394999999998
2022-08-14,P002,Central,REP033,54,101.58,0.01,754.32,5430.466799999999,3291.1919999999996,2139.2747999999997
2024-08-31,P003,West,REP024,60,90.77,0.003,965.28,5429.8614,3267.72,2162.1414
2020-06-09,P004,North,REP039,45,110.41,0.159,2441.79,4178.46645,2981.0699999999997,1197.3964500000002
2024-05-22,P001,South,REP034,69,83.64,0.095,1534.63,5222.8998,3462.696,1760.2038000000002
2022-03-11,P005,Central,REP028,55,89.32,0.026,2821.76,4784.872399999999,2947.5599999999995,1837.3123999999998
2021-02-01,P003,South,REP037,46,86.92,0.047,1640.72,3810.39896,2398.992,1411.4069599999998
2023-07-24,P002,North,REP007,38,117.28,0.187,4732.42,3623.24832,2673.984,949.2643200000002
2022-03-26,P002,Central,REP004,45,99.77,0.172,4576.75,3717.4302,2693.7899999999995,1023.6402000000003
2024-03-07,P003,South,REP037,43,90.78,0.142,3050.63,3349.2373199999997,2342.124,1007.1133199999999
2023-11-16,P002,East,REP001,63,92.53,0.096,2094.91,5269.76856,3497.634,1772.1345600000004
2023-03-04,P004,North,REP001,39,100.08,0.104,2215.16,3497.1955199999998,2341.872,1155.32352
2023-05-03,P001,North,REP047,52,132.44,0.195,2353.34,5543.9384,4132.128,1411.8104000000003
2021-02-04,P004,North,REP020,50,75.27,0.193,3774.11,3037.1445,2258.1,779.0445
2021-10-01,P002,East,REP019,49,113.51,0.043,2532.38,5322.824430000001,3337.1940000000004,1985.6304300000002
2022-11-22,P005,East,REP029,55,109.44,0.162,4355.28,5044.089599999999,3611.52,1432.5695999999994
2021-11-18,P001,West,REP010,52,82.34,0.039,4748.43,4114.69448,2569.0080000000003,1545.6864799999998
2021-04-04,P001,South,REP018,57,129.34,0.043,2011.76,7055.36766,4423.428,2631.93966
2022-08-12,P003,West,REP028,35,110.79,0.135,3023.13,3354.16725,2326.59,1027.5772499999998
2021-04-14,P003,South,REP035,43,89.85,0.081,927.75,3550.60245,2318.1299999999997,1232.4724500000002
2023-10-30,P005,East,REP043,48,62.81,0.186,1402.11,2454.11232,1808.928,645.1843200000001
2022-11-11,P001,East,REP047,61,104.58,0.018,2360.6,6264.55116,3827.6279999999997,2436.9231600000003
2022-01-19,P005,West,REP031,54,99.11,0.102,1427.91,4806.04212,3211.1639999999998,1594.8781200000003
2024-08-20,P003,Central,REP027,43,79.39,0.184,4444.52,2785.63632,2048.2619999999997,737.3743200000004
2020-02-07,P003,West,REP011,47,79.13,0.181,1212.29,3045.9510899999996,2231.466,814.4850899999997
2020-08-17,P001,South,REP049,58,117.37,0.031,2550.47,6596.42874,4084.4759999999997,2511.9527400000006
2023-10-20,P004,West,REP049,55,60.89,0.073,3225.65,3104.47665,2009.37,1095.1066500000002
2021-07-16,P002,North,REP038,45,106.29,0.124,3613.39,4189.9518,2869.83,1320.1218
2021-03-13,P003,South,REP005,46,96.25,0.032,2223.81,4285.82,2656.5,1629.3199999999997
2024-12-04,P003,South,REP008,49,109.94,0.194,4410.95,4341.97036,3232.2359999999994,1109.7343600000008
2023-07-30,P004,Central,REP034,40,94.11,0.183,3057.44,3075.5148,2258.64,816.8748
2020-01-27,P004,East,REP048,61,105.87,0.033,2477.79,6244.95369,3874.842,2370.11169
2020-08-13,P005,South,REP012,55,85.14,0.024,802.58,4570.3152,2809.62,1760.6952
2023-07-24,P005,East,REP038,63,99.02,0.017,2591.1,6132.209579999999,3742.955999999999,2389.2535799999996
2022-03-08,P002,West,REP001,51,109.78,0.182,4193.31,4579.8020400000005,3359.2679999999996,1220.534040000001
2024-06-20,P002,North,REP031,61,103.02,0.039,3265.43,6039.135419999999,3770.5319999999992,2268.6034199999995
2020-10-10,P001,Central,REP004,46,107.61,0.083,4244.73,4539.20502,2970.036,1569.1690200000003
2022-05-28,P005,East,REP049,39,81.44,0.09,2723.05,2890.3056,1905.696,984.6096000000002
2022-08-17,P003,South,REP045,49,88.19,0.12,1033.08,3802.7527999999998,2592.7859999999996,1209.9668000000001
2024-02-13,P005,East,REP050,37,88.53,0.014,561.38,3229.75146,1965.366,1264.38546
2021-03-28,P003,South,REP005,55,94.47,0.045,1864.49,4962.03675,3117.51,1844.52675
2022-10-16,P004,East,REP030,53,127.17,0.186,3640.96,5486.3681400000005,4044.006,1442.3621400000006
2022-03-26,P005,South,REP024,39,92.92,0.182,4056.17,2964.3338400000002,2174.328,790.0058400000003
2021-10-20,P004,West,REP003,51,77.13,0.156,1830.89,3319.9837199999997,2360.178,959.8057199999998
2024-03-19,P002,South,REP011,64,110.83,0.004,2730.44,7064.74752,4255.871999999999,2808.8755200000005
2021-06-30,P002,South,REP045,47,126.93,0.065,2395.04,5577.9388500000005,3579.426,1998.5128500000005
2023-04-30,P001,North,REP004,35,74.78,0.126,2347.35,2287.5202,1570.38,717.1401999999998
2022-12-08,P005,South,REP026,49,139.46,0.055,1541.07,6457.695299999999,4100.124,2357.5712999999996
2024-03-15,P004,North,REP027,52,108.3,0.182,1113.67,4606.6488,3378.9599999999996,1227.6888000000004
2020-01-17,P003,Central,REP046,52,120.68,0.127,1385.1,5478.38928,3765.2160000000003,1713.17328
2023-04-10,P002,North,REP043,49,129.34,0.014,749.0,6248.93276,3802.5959999999995,2446.33676
2023-05-28,P002,West,REP027,47,119.45,0.182,1391.59,4592.374700000001,3368.4900000000002,1223.884700000001
2020-06-06,P003,North,REP042,46,97.79,0.192,541.4,3634.6587200000004,2699.004,935.6547200000005
2021-04-21,P004,Central,REP050,38,124.35,0.016,3322.66,4649.6952,2835.18,1814.5152000000003
2022-12-05,P004,West,REP006,50,105.09,0.106,1923.69,4697.523,3152.7,1544.8230000000003
2023-10-28,P005,East,REP015,44,121.81,0.061,4879.15,5032.70196,3215.784,1816.9179600000002
2021-06-01,P005,East,REP030,57,124.0,0.079,1371.73,6509.628000000001,4240.8,2268.8280000000004
2020-04-08,P001,North,REP042,48,78.18,0.036,2056.23,3617.54496,2251.5840000000003,1365.96096
2024-11-03,P002,North,REP037,46,115.89,0.116,2110.29,4712.55096,3198.564,1513.9869599999997
2022-11-26,P005,Central,REP037,54,96.36,0.192,538.03,4204.3795199999995,3122.064,1082.3155199999997
2020-10-06,P004,Central,REP042,48,102.76,0.101,4276.44,4434.2995200000005,2959.4880000000003,1474.8115200000002
2023-10-04,P003,South,REP037,51,102.54,0.017,643.98,5140.63782,3137.7239999999997,2002.9138200000002
2021-05-11,P004,Central,REP035,37,101.74,0.124,4730.81,3297.5968799999996,2258.6279999999997,1038.96888
2020-10-28,P002,South,REP023,40,130.47,0.068,4514.33,4863.9216,3131.28,1732.6415999999995
2020-06-29,P004,West,REP006,64,72.67,0.171,2909.85,3855.57952,2790.528,1065.05152
2021-08-29,P001,North,REP004,37,65.55,0.087,2946.18,2214.34455,1455.2099999999998,759.13455
2023-01-27,P002,West,REP018,51,61.33,0.039,3442.0,3005.8446299999996,1876.6979999999999,1129.1466299999997
2021-11-30,P003,Central,REP009,52,121.38,0.038,2241.73,6071.91312,3787.056,2284.85712
2022-09-19,P001,West,REP049,45,84.53,0.154,3412.5,3218.0571,2282.31,935.7471
2023-02-13,P002,West,REP029,47,102.64,0.053,701.46,4568.40376,2894.448,1673.9557600000003
2020-07-09,P003,West,REP013,54,97.71,0.153,743.21,4469.059979999999,3165.8039999999996,1303.2559799999995
2020-09-09,P001,Central,REP047,37,82.27,0.041,2557.54,2919.18641,1826.3939999999998,1092.79241
2022-09-07,P001,West,REP017,43,117.03,0.064,2973.3,4710.22344,3019.374,1690.84944
2022-07-16,P002,South,REP045,58,97.45,0.093,4495.18,5126.4547,3391.26,1735.1947
2023-03-30,P005,Central,REP032,48,95.25,0.189,970.97,3707.892,2743.2,964.692
2023-07-03,P001,West,REP048,60,104.66,0.186,4201.92,5111.5944,3767.7599999999993,1343.8344000000006
2023-09-08,P001,Central,REP022,44,114.42,0.041,1445.21,4828.06632,3020.688,1807.3783199999998
2020-05-07,P003,East,REP004,44,80.82,0.072,2273.38,3300.04224,2133.6479999999997,1166.3942400000005
2020-01-18,P004,South,REP005,53,117.46,0.03,1924.71,6038.6186,3735.228,2303.3905999999997
2024-12-21,P002,West,REP037,48,129.0,0.102,2300.7,5560.416,3715.2,1845.2160000000003
2024-10-24,P002,East,REP041,51,71.48,0.092,1177.23,3310.09584,2187.288,1122.80784
2021-07-19,P005,East,REP049,48,105.57,0.18,2766.07,4155.2352,3040.4159999999997,1114.8192000000004
2021-07-23,P005,Central,REP013,58,93.9,0.186,4107.39,4433.206800000001,3267.7200000000003,1165.4868000000006
2023-09-08,P002,East,REP034,58,113.98,0.077,2486.9,6101.80532,3966.504,2135.3013200000005
2021-11-16,P005,South,REP045,58,75.67,0.098,2707.76,3958.7517199999998,2633.316,1325.43572
2024-12-20,P003,South,REP022,47,132.58,0.179,4319.45,5115.86446,3738.756,1377.10846
2021-09-17,P002,North,REP023,44,67.84,0.161,3677.26,2504.38144,1790.9759999999999,713.4054400000002
2023-08-04,P005,South,REP003,50,95.11,0.001,2707.04,4750.7445,2853.2999999999997,1897.4445
2022-05-03,P002,East,REP042,46,108.69,0.064,1659.63,4679.75664,2999.8439999999996,1679.91264
2024-08-13,P004,South,REP034,46,86.27,0.084,4482.17,3635.0727199999997,2381.0519999999997,1254.02072
2022-08-19,P001,Central,REP032,45,83.13,0.046,3096.59,3568.7709,2244.5099999999998,1324.2609000000002
2024-07-20,P002,North,REP045,48,104.44,0.04,1495.16,4812.5952,3007.872,1804.7232
2020-06-03,P001,East,REP049,47,101.56,0.008,1711.04,4735.13344,2863.9919999999997,1871.1414399999999
2021-05-04,P005,North,REP021,48,100.12,0.129,4114.1,4185.81696,2883.456,1302.36096
2023-11-10,P001,East,REP046,53,117.17,0.053,698.66,5880.87947,3726.006,2154.87347
2022-02-23,P002,Central,REP044,42,92.11,0.01,4964.41,3829.9338,2321.172,1508.7617999999998
2023-02-01,P004,North,REP021,44,106.39,0.046,1086.58,4465.826639999999,2808.696,1657.1306399999994
2023-11-17,P005,West,REP044,51,89.87,0.16,4082.31,3850.0307999999995,2750.022,1100.0087999999996
2020-09-02,P002,East,REP011,42,83.01,0.17,2276.49,2893.7286,2091.852,801.8766
2023-04-14,P005,West,REP039,48,94.3,0.097,2714.97,4087.3392,2715.8399999999997,1371.4992000000002
2022-11-28,P003,North,REP004,61,90.02,0.083,4462.93,5035.44874,3294.7319999999995,1740.7167400000003
2024-02-09,P001,West,REP001,48,91.02,0.196,2358.1,3512.64384,2621.3759999999997,891.2678400000004
2024-09-01,P003,West,REP028,52,123.31,0.04,2918.72,6155.6352,3847.272,2308.3632
2022-01-28,P002,North,REP024,44,94.92,0.043,721.85,3996.89136,2505.8880000000004,1491.0033599999997
2021-06-21,P004,Central,REP035,41,86.74,0.058,510.56,3350.0722799999994,2133.8039999999996,1216.2682799999998
2022-07-09,P005,West,REP013,48,100.56,0.035,1601.6,4657.9392,2896.128,1761.8111999999996
2021-02-11,P001,West,REP047,48,102.08,0.076,3562.62,4527.452160000001,2939.904,1587.5481600000007
2021-06-08,P005,Central,REP034,52,76.26,0.182,1045.69,3243.7953600000005,2379.3120000000004,864.4833600000002
2022-04-07,P002,West,REP011,56,94.03,0.123,1011.93,4618.00136,3159.408,1458.5933600000003
2024-03-09,P005,West,REP036,48,93.23,0.082,2349.32,4108.08672,2685.024,1423.0627200000004
2022-06-21,P001,West,REP017,51,96.56,0.187,3415.27,4003.66728,2954.7360000000003,1048.9312799999998
2020-02-05,P002,South,REP035,54,114.51,0.01,3704.32,6121.7046,3710.124,2411.5806000000002
2021-11-15,P005,Central,REP018,61,102.73,0.042,1303.03,6003.33574,3759.918,2243.4177400000003
2020-01-20,P004,West,REP040,51,124.56,0.113,858.15,5634.72072,3811.536,1823.1847200000002
2020-11-16,P002,Central,REP022,48,99.77,0.123,4731.79,4199.91792,2873.3759999999997,1326.5419200000001
2024-12-04,P002,East,REP024,57,135.52,0.008,1673.0,7662.84288,4634.784,3028.0588800000005
2021-05-26,P004,East,REP019,44,90.78,0.081,4340.06,3670.7800800000005,2396.592,1274.1880800000004
2021-02-03,P003,West,REP037,63,84.61,0.13,4385.71,4637.4741,3198.2580000000003,1439.2161
2021-10-15,P001,Central,REP039,49,110.95,0.14,3976.35,4675.433,3261.93,1413.5030000000002
2022-08-29,P003,Central,REP021,59,127.28,0.128,1259.75,6548.30144,4505.712,2042.5894399999997
2021-04-15,P005,Central,REP008,43,72.42,0.064,4198.11,2914.76016,1868.436,1046.32416
2023-03-12,P004,South,REP028,34,96.06,0.019,3961.63,3203.98524,1959.6239999999998,1244.3612400000002
2023-01-20,P003,East,REP005,49,87.78,0.085,3185.25,3935.6163000000006,2580.732,1354.8843000000006
2023-10-09,P002,Central,REP017,48,102.86,0.026,2017.41,4808.91072,2962.368,1846.54272
2022-04-13,P005,Central,REP037,42,100.2,0.19,1681.29,3408.8040000000005,2525.0400000000004,883.7640000000001
2024-12-28,P005,South,REP036,57,126.91,0.095,1048.5,6546.65235,4340.322,2206.33035
2021-12-27,P003,South,REP019,42,97.83,0.063,2793.91,3850.00182,2465.316,1384.6858200000001
2022-05-03,P003,Central,REP027,45,127.5,0.153,3133.67,4859.662499999999,3442.5,1417.1624999999995
2020-02-20,P004,North,REP034,48,93.7,0.1,2117.03,4047.8400000000006,2698.56,1349.2800000000007
2024-08-15,P001,Central,REP011,35,118.53,0.062,2639.12,3891.3399,2489.13,1402.2098999999998
2024-09-17,P003,Central,REP045,48,104.57,0.162,2135.82,4206.223679999999,3011.6159999999995,1194.6076799999996
2021-07-28,P003,South,REP047,43,134.6,0.173,3384.53,4786.5106,3472.68,1313.8305999999998
2023-04-28,P002,South,REP012,45,70.46,0.135,4555.67,2742.6555,1902.4199999999998,840.2355
2023-02-22,P005,Central,REP021,60,76.72,0.009,1237.64,4561.7712,2761.9199999999996,1799.8512000000005
2020-05-29,P001,Central,REP011,44,136.63,0.113,2216.34,5332.39564,3607.0319999999997,1725.36364
2020-11-09,P002,Central,REP039,44,85.33,0.153,1133.91,3180.07844,2252.712,927.3664399999998
2021-07-23,P004,South,REP028,58,86.6,0.027,3312.25,4887.184399999999,3013.6799999999994,1873.5043999999998
2023-09-27,P004,Central,REP005,58,82.49,0.046,3779.92,4564.336679999999,2870.652,1693.6846799999994
2020-10-31,P003,Central,REP017,42,122.97,0.176,4693.61,4255.74576,3098.8439999999996,1156.9017600000002
2024-09-11,P003,West,REP020,47,74.93,0.004,1754.92,3507.6231600000006,2113.0260000000003,1394.5971600000003
2021-11-12,P004,North,REP041,45,100.45,0.151,4775.95,3837.69225,2712.15,1125.54225
2022-04-17,P003,East,REP046,57,94.69,0.095,784.68,4884.5836500000005,3238.3979999999997,1646.1856500000008
2024-12-11,P001,North,REP012,52,120.73,0.089,3213.56,5719.22156,3766.776,1952.4455600000001
2022-12-13,P003,West,REP006,45,88.73,0.001,757.1,3988.8571500000003,2395.71,1593.1471500000002
2022-09-29,P005,East,REP017,52,108.31,0.164,4521.98,4708.452319999999,3379.272,1329.1803199999995
2021-03-19,P003,Central,REP019,48,76.58,0.072,2884.14,3411.17952,2205.504,1205.6755200000002
2021-09-04,P002,West,REP026,51,145.48,0.108,3512.07,6618.17616,4451.687999999999,2166.488160000001
2022-09-19,P001,Central,REP048,54,95.21,0.135,4242.08,4447.259099999999,3084.8039999999996,1362.4550999999997
2020-09-20,P002,South,REP044,51,100.18,0.141,1176.4,4388.785620000001,3065.5080000000003,1323.2776200000003
2022-12-12,P002,West,REP044,43,133.1,0.191,673.66,4630.1497,3433.98,1196.1697
2024-05-14,P005,South,REP032,44,88.27,0.106,4454.97,3472.1887199999996,2330.3279999999995,1141.8607200000001
2022-09-30,P001,West,REP006,39,133.35,0.08,1917.2,4784.598,3120.39,1664.208
2024-07-01,P001,West,REP036,58,91.77,0.191,1080.41,4306.03194,3193.596,1112.4359399999998
2020-01-05,P001,South,REP038,54,113.43,0.128,2608.08,5341.19184,3675.132,1666.0598400000003
2023-01-31,P001,East,REP011,52,88.55,0.06,3192.38,4328.324,2762.7599999999998,1565.5639999999999
2023-05-04,P001,North,REP033,51,72.88,0.025,639.37,3623.9579999999996,2230.1279999999997,1393.83
2022-02-12,P005,Central,REP024,45,108.29,0.169,1737.03,4049.50455,2923.83,1125.6745500000002
2022-05-26,P003,West,REP023,44,112.8,0.072,647.6,4605.8496000000005,2977.9199999999996,1627.9296000000008
2022-09-18,P002,Central,REP015,44,73.68,0.132,2391.51,2813.98656,1945.152,868.8345599999998
2022-06-02,P001,South,REP027,55,93.86,0.094,4527.95,4677.0438,3097.38,1579.6638000000003
2023-10-05,P003,Central,REP011,36,124.02,0.04,4921.94,4286.1312,2678.832,1607.2992
2020-02-16,P003,South,REP050,52,112.0,0.12,3366.71,5125.12,3494.4,1630.7199999999998
2022-05-16,P002,Central,REP017,47,92.1,0.012,1227.37,4276.7555999999995,2597.22,1679.5355999999997
2022-04-02,P005,North,REP014,63,88.05,0.083,4576.32,5086.73655,3328.2899999999995,1758.4465500000001
2022-07-24,P004,North,REP027,49,138.96,0.109,2823.12,6066.8546400000005,4085.424,1981.4306400000005
2021-10-17,P004,North,REP018,38,71.06,0.087,1191.87,2465.35564,1620.1680000000001,845.1876400000001
2020-09-25,P003,North,REP028,48,98.82,0.15,4647.77,4031.8559999999998,2846.0159999999996,1185.8400000000001
2021-01-04,P002,North,REP047,42,70.71,0.166,3908.61,2476.82988,1781.8919999999998,694.93788
2021-09-27,P004,North,REP047,52,126.3,0.154,3792.67,5556.1896,3940.5599999999995,1615.6296000000002
2023-02-03,P003,South,REP004,50,99.86,0.008,3691.31,4953.056,2995.7999999999997,1957.2559999999999
2024-08-20,P005,West,REP007,38,103.56,0.039,1401.53,3781.80408,2361.168,1420.6360799999998
2024-08-09,P004,Central,REP045,47,155.38,0.107,1449.53,6521.45398,4381.715999999999,2139.737980000001
2021-10-18,P003,North,REP035,48,88.13,0.187,3597.32,3439.1851199999996,2538.144,901.0411199999999
2020-04-29,P003,South,REP048,55,134.97,0.167,1488.75,6183.65055,4454.01,1729.64055
2022-04-10,P001,South,REP009,50,92.19,0.169,2474.02,3830.4945,2765.7,1064.7945
2024-12-15,P005,South,REP008,61,95.33,0.061,4019.01,5460.40707,3489.078,1971.3290700000002
2024-06-15,P001,West,REP045,54,152.76,0.086,4027.79,7539.62256,4949.423999999999,2590.1985600000007
2022-12-17,P002,Central,REP017,65,96.78,0.094,2539.68,5699.3742,3774.4199999999996,1924.9542000000006
2023-10-01,P001,West,REP017,44,72.51,0.031,4064.85,3091.53636,1914.264,1177.2723600000002
2022-01-10,P001,East,REP049,53,105.64,0.006,4273.8,5565.32648,3359.352,2205.97448
2024-02-06,P004,South,REP033,46,96.55,0.189,3446.49,3601.8943,2664.78,937.1142999999997
2020-04-26,P003,East,REP032,51,107.34,0.048,1527.92,5211.57168,3284.604,1926.9676800000002
2022-03-01,P005,North,REP008,41,97.33,0.048,1733.05,3798.9845599999994,2394.3179999999998,1404.6665599999997
2023-02-24,P001,North,REP019,53,144.31,0.017,1916.79,7518.40669,4589.058,2929.34869
2023-11-17,P005,West,REP038,48,111.13,0.186,1025.62,4342.07136,3200.544,1141.52736
2022-10-09,P001,Central,REP003,56,78.5,0.116,1729.22,3886.064,2637.6,1248.464
2024-07-22,P002,East,REP005,47,102.49,0.133,1442.84,4176.3650099999995,2890.218,1286.1470099999997
2022-12-17,P001,Central,REP013,51,84.01,0.182,2548.98,3504.7291800000003,2570.706,934.0231800000001
2021-09-25,P004,West,REP047,38,95.05,0.069,4587.97,3362.6789000000003,2167.14,1195.5389000000005
2021-05-27,P003,North,REP046,47,81.79,0.124,970.16,3367.45788,2306.478,1060.9798799999999
2024-11-09,P002,Central,REP031,48,142.14,0.008,3741.21,6768.138239999999,4093.6319999999996,2674.5062399999997
2022-03-12,P001,Central,REP016,39,86.17,0.037,3592.77,3236.28669,2016.378,1219.90869
2023-01-24,P005,North,REP050,39,113.75,0.166,930.89,3699.8325,2661.75,1038.0825
2024-07-19,P002,East,REP032,51,93.53,0.153,4651.58,4040.21541,2862.0179999999996,1178.1974100000002
2023-02-15,P002,North,REP022,57,76.83,0.07,3058.12,4072.758299999999,2627.586,1445.1722999999993
2021-07-13,P001,Central,REP029,46,103.95,0.075,2136.76,4423.0725,2869.02,1554.0525000000002
2024-06-12,P002,East,REP022,54,108.01,0.107,3904.42,5208.45822,3499.524,1708.9342200000006
2021-05-02,P005,East,REP043,46,111.17,0.0,1658.14,5113.82,3068.292,2045.5279999999998
2023-06-14,P002,North,REP003,53,47.56,0.048,3620.79,2399.6873600000004,1512.4080000000001,887.2793600000002
2022-06-15,P005,Central,REP010,52,75.3,0.042,678.7,3751.1447999999996,2349.3599999999997,1401.7848
2023-07-19,P001,West,REP042,54,119.15,0.05,4277.34,6112.395,3860.46,2251.9350000000004
2023-04-27,P003,Central,REP021,59,81.53,0.161,2516.77,4035.81653,2886.1620000000003,1149.6545299999998
2021-12-04,P002,South,REP016,55,104.06,0.056,3365.12,5402.7952,3433.98,1968.8151999999995
2024-01-10,P003,West,REP012,43,74.84,0.038,1495.57,3095.8314400000004,1930.872,1164.9594400000003
2021-08-03,P005,East,REP002,45,114.63,0.101,3546.83,4637.35665,3095.0099999999998,1542.34665
2022-02-28,P002,West,REP041,52,118.63,0.173,3975.08,5101.56452,3701.256,1400.30852
2022-05-10,P004,East,REP024,43,114.64,0.048,2629.46,4692.90304,2957.712,1735.1910400000002
2020-09-03,P003,East,REP035,69,120.65,0.016,3279.77,8191.6524,4994.91,3196.7424
2023-01-04,P002,West,REP030,49,131.28,0.071,2553.47,5975.996880000001,3859.632,2116.3648800000005
2020-06-02,P003,East,REP030,51,76.52,0.15,4523.41,3317.142,2341.5119999999997,975.6300000000001
2024-08-06,P002,East,REP047,35,84.23,0.11,2740.41,2623.7645,1768.8300000000002,854.9345000000001
2023-12-29,P001,South,REP035,52,117.95,0.163,4288.14,5133.6558,3680.0400000000004,1453.6158
2022-09-23,P003,Central,REP019,44,122.6,0.192,4106.08,4358.6752,3236.64,1122.0351999999998
2023-01-14,P004,Central,REP050,57,86.51,0.159,2347.27,4147.02987,2958.6420000000003,1188.38787
2021-11-27,P004,South,REP008,50,85.12,0.121,1535.38,3741.024,2553.6,1187.424
2023-08-01,P005,West,REP026,44,86.96,0.099,2327.37,3447.44224,2295.7439999999997,1151.6982400000002
2023-05-28,P002,North,REP049,52,67.9,0.008,4217.98,3502.5536,2118.48,1384.0736000000002
2022-12-28,P003,North,REP040,57,74.57,0.197,1524.35,3413.1434699999995,2550.294,862.8494699999997
2022-12-06,P005,North,REP007,55,75.05,0.077,2859.96,3809.91325,2476.65,1333.26325
2022-10-05,P003,South,REP030,53,94.12,0.03,4127.44,4838.7092,2993.016,1845.6932000000002
2020-04-03,P002,South,REP007,43,105.42,0.133,2090.65,3930.1630200000004,2719.8360000000002,1210.3270200000002
2024-11-08,P004,East,REP003,51,108.67,0.057,3389.94,5226.26631,3325.302,1900.9643099999998
2022-08-15,P001,North,REP001,61,89.83,0.117,1605.34,4838.51329,3287.778,1550.73529
2022-10-08,P004,West,REP036,46,90.32,0.117,991.76,3668.6177599999996,2492.8319999999994,1175.7857600000002
2021-03-28,P005,West,REP025,56,102.47,0.089,4074.73,5227.60952,3442.9919999999997,1784.6175200000002
2023-05-12,P001,North,REP037,46,70.08,0.167,945.36,2685.3254399999996,1934.2079999999999,751.1174399999998
2022-06-30,P005,North,REP001,48,119.19,0.053,1721.22,5417.90064,3432.672,1985.2286399999998
2020-08-05,P002,North,REP015,49,125.71,0.09,4347.99,5605.4089,3695.874,1909.5349000000006
2021-04-18,P001,South,REP037,64,87.49,0.108,2059.11,4994.62912,3359.6159999999995,1635.01312
2021-03-07,P005,South,REP013,40,92.03,0.133,4878.7,3191.6004,2208.72,982.8804
2020-12-06,P002,South,REP040,36,124.87,0.157,4908.8,3789.5547599999995,2697.1919999999996,1092.36276
2021-07-04,P004,Central,REP008,50,97.54,0.079,1707.24,4491.717000000001,2926.2,1565.5170000000007
2024-06-23,P002,West,REP005,49,111.76,0.129,684.4,4769.80504,3285.744,1484.06104
2023-08-05,P003,West,REP009,48,98.15,0.03,3672.78,4569.8640000000005,2826.7200000000003,1743.1440000000002
2023-07-01,P002,East,REP001,60,131.13,0.187,2529.44,6396.521399999999,4720.679999999999,1675.8413999999993
2024-10-23,P002,South,REP036,48,109.8,0.077,953.39,4864.5792,3162.24,1702.3392000000003
2020-12-22,P003,Central,REP035,49,110.95,0.146,3683.85,4642.8137,3261.93,1380.8836999999999
2020-01-23,P005,Central,REP002,64,111.33,0.004,640.29,7096.61952,4275.072,2821.54752
2024-11-20,P005,West,REP040,67,88.9,0.041,4415.89,5712.0917,3573.78,2138.3116999999997
2021-06-05,P002,South,REP023,49,90.74,0.097,1123.94,4014.9727799999996,2667.7559999999994,1347.2167800000002
2024-11-16,P003,East,REP009,52,115.38,0.176,1072.9,4943.802240000001,3599.856,1343.9462400000007
2023-01-28,P003,South,REP034,46,102.53,0.105,1290.53,4221.1601,2829.828,1391.3321
2022-03-12,P004,North,REP046,48,76.45,0.186,4821.2,2987.0544000000004,2201.76,785.2944000000002
2023-04-18,P005,South,REP014,55,137.46,0.097,3619.26,6826.950900000001,4536.18,2290.7709000000004
2023-05-31,P001,North,REP004,35,119.56,0.098,4106.17,3774.5092000000004,2510.76,1263.7492000000002
2022-01-31,P005,North,REP030,52,100.75,0.024,2289.36,5113.264,3143.4,1969.864
2024-08-09,P005,East,REP031,52,94.53,0.161,2013.41,4124.15484,2949.3360000000002,1174.81884
2021-03-17,P004,West,REP038,57,103.97,0.049,1555.18,5635.90179,3555.774,2080.12779
2024-06-19,P001,South,REP011,38,110.35,0.18,2662.92,3438.5060000000003,2515.98,922.5260000000003
2022-02-07,P004,North,REP035,61,59.34,0.182,2983.23,2960.94732,2171.844,789.1033200000002
2022-10-12,P001,South,REP008,46,142.25,0.189,3342.99,5306.778499999999,3926.1,1380.6784999999995
2023-09-10,P002,West,REP003,41,84.2,0.104,1657.03,3093.1712,2071.32,1021.8512000000001
2021-05-30,P001,West,REP014,52,99.96,0.135,4768.94,4496.2008,3118.752,1377.4487999999997
2022-11-05,P004,Central,REP013,64,100.7,0.156,1263.91,5439.4112,3866.88,1572.5311999999994
2022-03-02,P005,West,REP045,52,139.94,0.026,4845.44,7087.68112,4366.128,2721.5531200000005
2020-12-01,P001,East,REP032,38,98.24,0.12,566.85,3285.1456,2239.872,1045.2736
2024-11-17,P001,North,REP034,53,131.77,0.007,2665.07,6934.9233300000005,4190.286,2744.6373300000005
2020-09-14,P003,Central,REP045,56,108.13,0.1,2000.16,5449.7519999999995,3633.1679999999997,1816.5839999999998
2021-05-11,P005,East,REP019,64,80.76,0.031,2521.06,5008.41216,3101.184,1907.2281599999997
2022-06-14,P002,South,REP038,42,102.69,0.037,3067.99,4153.39974,2587.7879999999996,1565.6117400000003
2020-06-08,P004,North,REP016,50,97.63,0.073,2460.15,4525.150500000001,2928.9,1596.2505000000006
2024-02-07,P002,West,REP002,64,78.32,0.086,2366.81,4581.40672,3007.488,1573.9187200000001
2022-05-01,P005,North,REP040,50,107.15,0.125,3797.26,4687.8125,3214.5,1473.3125
2024-08-14,P001,South,REP017,66,100.44,0.015,3586.44,6529.6044,3977.424,2552.1804
2021-11-20,P001,Central,REP034,57,111.13,0.101,4249.72,5694.63459,3800.6459999999997,1893.98859
2024-08-25,P005,Central,REP042,41,103.87,0.037,1624.82,4101.09921,2555.2019999999998,1545.8972100000005
2021-01-14,P001,Central,REP016,53,86.98,0.115,3242.88,4079.7969000000003,2765.9640000000004,1313.8328999999999
2024-04-17,P001,West,REP038,35,115.37,0.127,3133.38,3525.1303500000004,2422.77,1102.3603500000004
2022-08-14,P001,East,REP002,61,87.51,0.111,2163.82,4745.579790000001,3202.8660000000004,1542.7137900000002
2021-11-21,P004,East,REP002,44,38.01,0.148,2687.26,1424.9188799999997,1003.4639999999998,421.4548799999999
2023-12-21,P004,North,REP026,58,102.57,0.067,1912.02,5550.47298,3569.4359999999997,1981.0369799999999
2024-06-24,P003,West,REP013,47,88.92,0.153,1138.3,3539.8162799999996,2507.544,1032.2722799999997
2023-07-15,P002,Central,REP047,51,107.64,0.087,1462.11,5012.04132,3293.784,1718.2573200000002
2024-05-19,P005,Central,REP031,53,139.98,0.097,974.81,6699.30282,4451.364,2247.9388200000003
2023-12-11,P005,South,REP034,52,140.55,0.13,3573.81,6358.482,4385.16,1973.3220000000001
2023-04-06,P005,South,REP039,67,96.7,0.004,3473.27,6452.9844,3887.34,2565.6444
2022-12-02,P003,Central,REP003,52,83.47,0.131,4777.73,3771.8423599999996,2604.2639999999997,1167.57836
2024-04-28,P004,Central,REP008,53,111.69,0.124,3783.55,5185.54332,3551.7419999999997,1633.80132
2020-10-11,P003,West,REP023,43,92.6,0.062,734.21,3734.9283999999993,2389.08,1345.8483999999994
2021-01-31,P005,East,REP014,52,107.84,0.017,4479.1,5512.34944,3364.608,2147.74144
2020-01-12,P002,South,REP027,50,86.78,0.018,4382.04,4260.898,2603.4,1657.498
2024-06-18,P001,East,REP029,53,105.01,0.185,2494.94,4535.9069500000005,3339.318,1196.5889500000003
2023-08-18,P004,West,REP039,49,83.76,0.138,3136.38,3537.8548800000003,2462.5440000000003,1075.31088
2023-06-30,P004,Central,REP039,43,123.69,0.025,4892.35,5185.70325,3191.2019999999998,1994.5012499999998
2021-05-13,P003,East,REP001,48,88.2,0.071,2895.37,3933.0144000000005,2540.1600000000003,1392.8544000000002
2022-01-23,P004,Central,REP017,48,113.22,0.118,4573.95,4793.281919999999,3260.7359999999994,1532.54592
2020-02-04,P005,Central,REP041,50,74.7,0.167,873.67,3111.2549999999997,2241.0,870.2549999999997
2021-12-27,P005,North,REP030,58,115.62,0.009,1359.73,6645.60636,4023.576,2622.0303599999997
2022-04-28,P003,East,REP013,50,80.67,0.047,2483.4,3843.9255,2420.1,1423.8255
2020-03-30,P005,East,REP021,37,105.22,0.178,3131.41,3200.1610800000003,2335.884,864.2770800000003
2022-02-14,P002,Central,REP019,51,120.46,0.002,4173.03,6131.17308,3686.076,2445.0970799999996
2021-08-27,P003,West,REP019,51,96.0,0.04,4947.18,4700.16,2937.6,1762.56
2022-08-27,P002,North,REP025,34,79.42,0.192,2249.83,2181.8262400000003,1620.1680000000001,561.6582400000002
2024-06-13,P001,Central,REP022,33,109.94,0.123,713.37,3181.77354,2176.812,1004.9615400000002
2022-10-18,P002,South,REP031,51,83.18,0.052,4105.27,4021.58664,2545.308,1476.27864
2021-02-21,P001,South,REP017,58,91.92,0.013,3219.71,5262.05232,3198.816,2063.23632
2020-04-24,P001,North,REP023,37,105.31,0.006,1393.44,3873.0911800000003,2337.882,1535.2091800000003
2021-09-08,P002,West,REP032,41,127.21,0.049,2726.73,4960.045109999999,3129.3659999999995,1830.6791099999996
2023-05-04,P003,Central,REP010,50,100.53,0.176,3840.4,4141.836,3015.9,1125.9360000000001
2022-04-05,P005,East,REP010,41,100.46,0.083,3966.85,3776.99462,2471.316,1305.6786200000001
2024-03-04,P005,North,REP036,51,114.75,0.144,2748.28,5009.526,3511.35,1498.176
2024-07-07,P001,West,REP008,53,101.01,0.184,1873.47,4368.480480000001,3212.1180000000004,1156.3624800000007
2024-02-25,P001,East,REP020,50,112.71,0.082,4881.84,5173.389,3381.2999999999997,1792.0890000000004
2023-01-03,P003,South,REP032,42,121.57,0.038,3485.13,4911.914279999999,3063.564,1848.3502799999992
2021-02-16,P004,South,REP050,67,93.45,0.103,2337.07,5616.251550000001,3756.69,1859.5615500000008
2023-10-31,P002,East,REP014,55,34.5,0.182,1762.08,1552.1550000000002,1138.5,413.6550000000002
2023-12-14,P001,North,REP050,48,83.64,0.161,3789.96,3368.35008,2408.832,959.5180800000003
2021-12-29,P005,South,REP028,39,124.17,0.013,1589.83,4779.67581,2905.578,1874.0978099999998
2023-07-24,P003,Central,REP046,57,99.32,0.139,1272.69,4874.3276399999995,3396.7439999999997,1477.5836399999998
2022-10-17,P002,East,REP024,51,93.22,0.114,2884.25,4212.238920000001,2852.532,1359.7069200000005
2022-01-30,P003,East,REP015,62,123.34,0.181,1804.94,6262.958519999999,4588.248,1674.7105199999996
2021-11-06,P002,South,REP022,45,97.97,0.024,3330.07,4302.8423999999995,2645.1899999999996,1657.6524
2023-11-18,P002,North,REP030,44,58.15,0.107,1030.72,2284.8298,1535.1599999999999,749.6698000000001
2021-04-01,P001,Central,REP004,58,69.89,0.176,3447.23,3340.1828800000003,2432.172,908.0108800000003
2022-07-08,P003,North,REP013,48,108.37,0.082,1774.83,4775.21568,3121.056,1654.1596800000002
2020-07-10,P003,West,REP023,57,98.66,0.096,501.09,5083.75248,3374.172,1709.58048
2022-01-08,P005,West,REP008,55,129.09,0.014,1071.21,7000.5507,4259.969999999999,2740.5807000000004
2024-09-08,P005,South,REP018,52,85.33,0.056,4701.27,4188.67904,2662.296,1526.3830400000002
2023-01-27,P001,South,REP012,36,93.81,0.065,4403.1,3157.6446,2026.2959999999998,1131.3486000000003
2024-04-20,P001,South,REP031,41,82.31,0.189,1551.24,2736.8898099999997,2024.826,712.0638099999996
2022-09-04,P004,West,REP014,51,89.59,0.057,4002.67,4308.65187,2741.454,1567.1978699999995
2022-10-05,P005,North,REP034,41,62.16,0.092,3238.57,2314.0924800000003,1529.136,784.9564800000003
2020-04-05,P002,North,REP018,48,92.29,0.134,4869.07,3836.31072,2657.9519999999998,1178.3587200000002
2024-08-14,P003,South,REP034,47,98.96,0.032,2181.23,4502.28416,2790.672,1711.6121600000001
2021-10-24,P001,Central,REP011,50,97.27,0.097,3566.57,4391.7405,2918.1,1473.6405
2023-04-28,P003,North,REP041,47,142.99,0.148,785.91,5725.89156,4032.318,1693.5735599999998
2024-10-25,P003,West,REP012,51,136.67,0.173,2283.11,5764.330589999999,4182.101999999999,1582.2285899999997
2020-02-06,P004,East,REP049,49,84.98,0.125,4837.18,3643.5175000000004,2498.4120000000003,1145.1055000000001
2024-12-08,P005,East,REP015,51,59.12,0.134,2925.41,2611.09392,1809.072,802.0219199999999
2023-10-24,P001,East,REP031,55,98.02,0.025,1795.46,5256.322499999999,3234.6599999999994,2021.6625
2024-09-14,P003,Central,REP049,47,107.53,0.189,1041.22,4098.721009999999,3032.346,1066.3750099999993
2024-03-28,P001,South,REP029,51,82.79,0.027,3665.88,4108.28817,2533.374,1574.91417
2020-10-05,P002,West,REP026,54,83.78,0.155,3401.85,3822.8813999999998,2714.4719999999998,1108.4094
2020-08-04,P004,Central,REP018,57,131.65,0.053,2182.72,7106.335349999999,4502.43,2603.905349999999
2022-05-16,P002,West,REP032,52,94.85,0.187,4779.24,4009.8785999999996,2959.3199999999997,1050.5585999999998
2022-05-22,P001,West,REP022,41,113.25,0.144,599.91,3974.622,2785.95,1188.672
2024-12-26,P001,South,REP038,48,81.39,0.151,1866.76,3316.80528,2344.032,972.7732799999999
2023-07-20,P005,East,REP017,50,98.86,0.044,4644.81,4725.508,2965.7999999999997,1759.708
2020-03-02,P003,South,REP023,45,93.27,0.089,1944.21,3823.60365,2518.2899999999995,1305.3136500000005
2021-08-18,P003,Central,REP024,64,86.49,0.124,1635.14,4848.9753599999995,3321.216,1527.7593599999996
2021-12-29,P002,Central,REP050,49,123.11,0.154,2903.99,5103.40194,3619.434,1483.9679399999995
2023-09-27,P004,Central,REP008,53,72.22,0.021,4207.11,3747.2791399999996,2296.596,1450.6831399999996
2021-01-31,P003,South,REP041,48,106.0,0.192,964.16,4111.104,3052.7999999999997,1058.3040000000005
2021-11-29,P005,West,REP006,61,92.9,0.178,4743.59,4658.1918000000005,3400.1400000000003,1258.0518000000002
2022-11-08,P002,West,REP005,52,108.3,0.054,4077.83,5327.493599999999,3378.9599999999996,1948.5335999999993
2020-06-25,P002,North,REP044,52,93.17,0.165,1315.63,4045.4414,2906.904,1138.5374000000002
2024-06-23,P005,Central,REP029,48,117.34,0.104,3704.04,5046.55872,3379.392,1667.1667200000002
2021-01-30,P004,West,REP028,62,81.21,0.092,2232.31,4571.798159999999,3021.0119999999997,1550.7861599999997
2021-03-20,P005,North,REP011,42,123.15,0.063,2310.33,4846.445100000001,3103.38,1743.0651000000007
2023-06-10,P004,West,REP001,43,99.42,0.116,4024.81,3779.1530400000006,2565.036,1214.1170400000005
2020-03-16,P005,Central,REP043,46,73.43,0.146,4832.53,2884.62412,2026.6680000000001,857.9561199999998
2020-09-21,P005,East,REP019,52,113.6,0.082,1069.95,5422.8096000000005,3544.3199999999997,1878.4896000000008
2021-03-30,P001,Central,REP009,52,96.02,0.126,2392.84,4363.91696,2995.824,1368.0929599999995
2024-12-24,P002,South,REP027,38,65.84,0.14,2664.24,2151.6512000000002,1501.152,650.4992000000002
2021-12-18,P005,West,REP034,50,106.65,0.142,2193.4,4575.285,3199.5,1375.7849999999999
2022-01-04,P005,West,REP044,45,120.13,0.01,2134.35,5351.791499999999,3243.5099999999998,2108.2814999999996
2023-11-08,P003,South,REP004,57,125.64,0.172,735.21,5929.705440000001,4296.888,1632.8174400000007
2024-05-06,P002,South,REP036,53,92.43,0.092,3584.92,4448.10132,2939.274,1508.8273199999999
2022-04-30,P003,East,REP018,60,102.91,0.052,2462.96,5853.520799999999,3704.7599999999993,2148.7608
2024-03-09,P002,West,REP015,51,101.01,0.048,1376.57,4904.23752,3090.906,1813.3315199999997
2023-10-22,P003,West,REP013,45,129.8,0.097,4172.15,5274.423000000001,3504.6000000000004,1769.8230000000003
2020-05-23,P005,East,REP019,34,83.79,0.177,4111.52,2344.61178,1709.316,635.2957800000001
2022-06-03,P005,North,REP049,61,90.71,0.076,2688.76,5112.77844,3319.9859999999994,1792.7924400000006
2022-12-28,P001,East,REP006,44,83.31,0.15,1843.03,3115.7940000000003,2199.384,916.4100000000003
2023-01-27,P003,Central,REP048,59,71.02,0.019,3371.42,4110.56658,2514.1079999999997,1596.45858
2021-01-30,P004,West,REP012,54,104.96,0.095,1796.68,5129.395199999999,3400.7039999999993,1728.6911999999998
2022-11-14,P001,South,REP037,56,132.03,0.198,1562.04,5929.731360000001,4436.208,1493.523360000001
2022-08-05,P003,Central,REP017,46,96.03,0.154,3787.32,3737.1034799999998,2650.428,1086.6754799999999
2022-06-09,P003,West,REP023,46,82.36,0.042,681.46,3629.4404799999998,2273.136,1356.3044799999998
2024-02-01,P001,East,REP026,56,103.74,0.1,926.46,5228.496,3485.6639999999998,1742.8320000000003
2024-02-16,P005,Central,REP029,70,111.78,0.047,530.55,7456.8438,4694.76,2762.0837999999994
2024-05-07,P003,West,REP033,41,96.87,0.082,1188.24,3645.9930600000002,2383.002,1262.9910600000003
2023-03-20,P005,North,REP027,55,128.07,0.156,810.46,5945.009399999999,4226.3099999999995,1718.6993999999995
2023-03-13,P001,North,REP025,43,83.75,0.154,4981.11,3046.6575,2160.75,885.9074999999998
2021-07-22,P005,South,REP010,46,94.26,0.046,1799.64,4136.50584,2601.576,1534.9298399999998
2022-11-28,P002,West,REP047,53,105.92,0.184,1171.71,4580.828160000001,3368.256,1212.572160000001
2020-04-18,P004,North,REP023,44,107.86,0.119,1584.48,4181.08504,2847.504,1333.58104
2024-09-12,P003,East,REP021,45,100.94,0.076,4712.57,4197.0852,2725.38,1471.7052000000003
2022-12-01,P004,West,REP021,47,74.43,0.1,2840.72,3148.3890000000006,2098.9260000000004,1049.4630000000002
2023-04-24,P005,East,REP043,47,146.76,0.121,2141.68,6063.09588,4138.632,1924.4638800000002
2022-07-23,P003,East,REP013,36,95.28,0.112,4430.26,3045.91104,2058.048,987.8630400000002
2021-02-01,P005,North,REP037,40,102.21,0.097,2277.46,3691.8251999999998,2453.0399999999995,1238.7852000000003
2023-05-31,P002,West,REP033,46,112.34,0.101,2007.54,4645.7083600000005,3100.5840000000003,1545.1243600000003
2021-09-25,P001,Central,REP024,59,87.27,0.035,1432.77,4968.717449999999,3089.3579999999997,1879.3594499999995
2023-03-02,P003,North,REP044,56,101.14,0.163,2200.09,4740.63408,3398.304,1342.3300799999997
2023-04-01,P002,North,REP011,54,86.46,0.108,1925.08,4164.60528,2801.3039999999996,1363.3012800000001
2023-05-23,P002,West,REP017,50,108.31,0.026,3547.87,5274.697,3249.2999999999997,2025.3970000000004
2022-01-02,P003,West,REP004,50,94.48,0.153,1803.12,4001.228,2834.4,1166.828
2020-08-22,P005,East,REP047,46,105.37,0.186,3097.4,3945.474280000001,2908.212,1037.2622800000008
2021-10-19,P002,West,REP025,59,79.07,0.189,796.51,3783.420429999999,2799.0779999999995,984.3424299999997
2022-01-20,P004,East,REP030,66,83.42,0.074,1360.8,5098.29672,3303.4320000000002,1794.86472
2021-08-10,P002,North,REP009,53,72.7,0.027,2333.32,3749.0663000000004,2311.86,1437.2063000000003
2022-10-29,P005,South,REP021,46,85.79,0.104,4716.27,3535.9206400000003,2367.804,1168.1166400000002
2023-01-02,P005,Central,REP020,41,48.53,0.023,2197.63,1943.96621,1193.838,750.1282100000001
2022-08-11,P004,North,REP019,55,93.86,0.187,3488.33,4196.9499,3097.38,1099.5698999999995
2021-05-06,P002,West,REP019,42,89.32,0.037,1647.89,3612.6367199999995,2250.8639999999996,1361.77272
2022-07-01,P005,Central,REP012,55,103.02,0.051,1071.65,5377.128899999999,3399.6599999999994,1977.4688999999994
2023-06-30,P003,South,REP037,58,100.89,0.081,763.41,5377.63878,3510.9719999999998,1866.6667800000005
2023-06-07,P001,South,REP042,42,125.14,0.077,1874.36,4851.17724,3153.528,1697.6492400000002
2024-03-22,P001,East,REP017,51,151.89,0.159,1209.47,6514.713989999999,4647.834,1866.8799899999995
2023-04-12,P001,Central,REP037,55,122.75,0.091,1283.05,6136.8862500000005,4050.75,2086.1362500000005
2024-08-03,P002,East,REP048,52,90.94,0.034,3923.42,4568.09808,2837.328,1730.7700799999998
2023-04-06,P004,North,REP039,54,90.13,0.053,571.27,4609.067939999999,2920.2119999999995,1688.8559399999995
2020-06-18,P005,Central,REP028,58,117.37,0.102,3010.15,6113.09908,4084.4759999999997,2028.6230800000003
2023-11-17,P003,North,REP041,54,66.33,0.029,2207.58,3477.9472199999996,2149.0919999999996,1328.85522
2022-08-03,P003,East,REP035,60,93.7,0.122,2779.47,4936.116,3373.2,1562.9160000000002
2022-03-05,P002,Central,REP047,40,95.24,0.113,3032.74,3379.1152,2285.7599999999998,1093.3552000000004
2021-09-25,P001,East,REP048,60,111.68,0.143,1910.15,5742.5856,4020.48,1722.1056000000003
2023-05-02,P002,Central,REP018,53,112.28,0.188,1827.99,4832.08208,3570.504,1261.5780800000002
2024-03-20,P004,East,REP014,46,85.11,0.182,3800.31,3202.51908,2349.036,853.48308
2020-01-29,P004,South,REP035,48,91.71,0.189,4420.75,3570.08688,2641.248,928.8388799999998
2023-04-03,P005,East,REP044,47,108.9,0.049,1366.62,4867.5033,3070.98,1796.5233000000003
2023-12-16,P005,South,REP041,50,84.02,0.026,939.28,4091.774,2520.6,1571.174
2020-12-04,P004,East,REP007,60,124.12,0.06,4540.08,7000.368,4468.320000000001,2532.048
2024-07-29,P004,Central,REP041,50,112.18,0.179,2074.53,4604.989,3365.4,1239.5889999999995
2024-02-28,P004,Central,REP013,37,103.43,0.194,2980.93,3084.4894600000002,2296.146,788.34346
2023-10-20,P002,Central,REP018,52,107.82,0.172,2117.94,4642.29792,3363.9839999999995,1278.3139200000005
2023-09-27,P004,West,REP037,48,90.66,0.022,1066.11,4255.94304,2611.0080000000003,1644.9350399999998
2021-05-14,P003,North,REP013,43,87.47,0.189,3151.99,3050.34131,2256.726,793.6153099999997
2024-08-07,P001,Central,REP036,53,91.51,0.085,2863.13,4437.7774500000005,2910.0180000000005,1527.75945
2021-05-25,P004,South,REP031,49,110.0,0.002,1413.47,5379.22,3234.0,2145.2200000000003
2023-09-12,P001,Central,REP002,56,104.02,0.088,2533.41,5312.50944,3495.0719999999997,1817.4374400000002
2020-08-04,P002,West,REP016,46,91.55,0.009,4086.26,4173.3983,2526.78,1646.6182999999996
2023-08-17,P001,South,REP009,62,114.99,0.109,3156.92,6352.27758,4277.628,2074.6495800000002
2023-03-01,P002,West,REP009,35,96.52,0.068,936.13,3148.4823999999994,2026.9199999999998,1121.5623999999996
2022-12-29,P003,South,REP038,48,86.13,0.095,2966.1,3741.4872,2480.544,1260.9432000000002
2023-06-29,P002,East,REP011,58,105.09,0.123,3662.32,5345.50794,3657.132,1688.3759400000004
2023-12-09,P002,North,REP022,42,79.74,0.174,4067.17,2766.34008,2009.4479999999999,756.8920800000001
2024-12-15,P005,North,REP033,37,66.26,0.132,3331.03,2128.0061600000004,1470.9720000000002,657.0341600000002
2021-03-20,P004,West,REP036,63,99.9,0.087,1186.96,5746.148100000001,3776.2200000000003,1969.928100000001
2022-05-25,P004,North,REP045,40,86.85,0.164,3695.78,2904.2639999999997,2084.4,819.8639999999996
2023-04-20,P003,West,REP023,47,94.92,0.181,3548.04,3653.7555599999996,2676.7439999999997,977.0115599999999
2020-06-15,P003,West,REP045,52,80.67,0.024,609.92,4094.16384,2516.904,1577.2598400000002
2020-03-31,P004,West,REP045,40,124.18,0.106,2352.86,4440.676800000001,2980.32,1460.356800000001
2021-12-14,P005,North,REP034,35,86.77,0.057,1998.28,2863.8438499999997,1822.1699999999998,1041.67385
2024-04-03,P004,West,REP009,32,91.36,0.009,3512.35,2897.20832,1754.1119999999999,1143.0963200000003
2020-02-08,P005,North,REP024,57,107.56,0.134,1472.61,5309.37672,3678.552,1630.82472
2023-02-23,P003,West,REP008,49,72.47,0.173,3158.92,2936.7018099999996,2130.618,806.0838099999996
2024-01-14,P001,Central,REP007,50,70.99,0.033,4609.43,3432.3664999999996,2129.7,1302.6664999999998
2020-06-21,P003,West,REP036,59,107.62,0.162,4090.11,5320.948039999999,3809.7479999999996,1511.2000399999997
2021-10-14,P003,South,REP018,56,91.1,0.171,4646.56,4229.2264,3060.9599999999996,1168.2664
2022-01-23,P002,West,REP003,44,81.97,0.183,4903.28,2946.6575599999996,2164.008,782.6495599999998
2023-05-28,P002,East,REP028,39,112.07,0.053,548.02,4139.08131,2622.4379999999996,1516.64331
2024-07-19,P002,West,REP006,47,83.76,0.181,3302.34,3224.17368,2362.032,862.1416799999997
2022-12-17,P002,South,REP044,48,94.51,0.064,2357.78,4246.145280000001,2721.8880000000004,1524.2572800000003
2024-08-10,P005,South,REP044,57,82.08,0.11,4369.35,4163.9184,2807.1359999999995,1356.7824
2021-04-20,P004,North,REP021,58,106.07,0.01,1633.17,6090.5394,3691.2359999999994,2399.3034000000002
2021-03-31,P001,Central,REP028,46,126.64,0.009,4914.63,5773.011039999999,3495.2639999999997,2277.7470399999997
2022-04-08,P003,West,REP040,44,62.78,0.144,3261.69,2364.54592,1657.392,707.15392
2022-06-13,P005,North,REP001,43,102.25,0.089,4070.92,4005.4392500000004,2638.0499999999997,1367.3892500000006
2023-10-16,P001,Central,REP036,45,117.13,0.051,885.2,5002.036649999999,3162.5099999999998,1839.5266499999993
2022-10-21,P005,West,REP021,47,91.57,0.038,1325.56,4140.24598,2582.274,1557.9719799999998
2021-01-21,P005,East,REP043,61,77.38,0.134,3912.82,4087.6758799999993,2832.1079999999997,1255.5678799999996
2020-12-13,P003,West,REP035,46,108.42,0.0,598.94,4987.32,2992.392,1994.9279999999999
2020-07-08,P004,South,REP013,66,120.03,0.161,4175.95,6646.54122,4753.188,1893.35322
2021-05-19,P002,South,REP049,46,117.81,0.016,562.77,5332.55184,3251.556,2080.99584
2023-04-29,P004,East,REP010,46,107.32,0.038,3457.03,4749.124639999999,2962.0319999999997,1787.0926399999994
2024-03-11,P003,North,REP044,56,101.96,0.077,2142.92,5270.10848,3425.8559999999993,1844.2524800000006
2023-10-24,P003,Central,REP047,53,82.02,0.097,3251.73,3925.3951799999995,2608.2359999999994,1317.15918
2023-12-03,P003,West,REP010,43,117.3,0.071,3632.14,4685.7831,3026.3399999999997,1659.4431
2022-04-03,P001,South,REP046,51,116.2,0.064,2041.14,5546.923199999999,3555.72,1991.2031999999995
2022-07-17,P004,North,REP013,67,77.24,0.193,985.83,4176.289559999999,3105.048,1071.2415599999995
2022-07-22,P004,East,REP037,59,107.29,0.128,813.41,5519.855920000001,3798.0660000000003,1721.7899200000006
2023-02-14,P005,South,REP038,59,113.06,0.005,3150.21,6637.1873,4002.3239999999996,2634.8633
2020-05-13,P005,East,REP024,50,117.64,0.086,2842.95,5376.148,3529.2,1846.9480000000003
2020-02-27,P005,West,REP002,43,98.5,0.175,3839.9,3494.2875,2541.2999999999997,952.9875000000002
2024-04-28,P003,Central,REP022,45,82.85,0.06,2793.81,3504.5549999999994,2236.95,1267.6049999999996
2021-11-15,P004,South,REP017,48,89.96,0.019,2401.01,4236.03648,2590.848,1645.1884799999998
2021-11-02,P003,South,REP036,42,79.86,0.152,2291.39,2844.29376,2012.4719999999998,831.8217600000003
2020-06-21,P001,West,REP014,42,98.98,0.121,619.01,3654.14364,2494.296,1159.84764
2022-03-25,P005,North,REP010,50,95.06,0.114,2010.01,4211.158,2851.7999999999997,1359.3580000000006
2023-03-18,P003,Central,REP035,55,142.9,0.011,4892.09,7773.0455,4715.7,3057.3455000000004
2020-03-20,P003,South,REP025,42,117.89,0.028,4431.0,4812.74136,2970.828,1841.91336
2022-06-04,P001,Central,REP003,38,119.39,0.125,1982.2,3969.7174999999997,2722.0919999999996,1247.6255
2023-05-21,P002,South,REP047,48,109.43,0.042,3145.08,5032.02912,3151.5840000000003,1880.4451199999999
2020-07-21,P004,Central,REP038,66,92.65,0.101,4312.84,5497.2951,3668.94,1828.3551000000002
2022-02-02,P002,East,REP017,33,94.49,0.109,2485.73,2778.2894699999997,1870.9019999999996,907.3874700000001
2023-06-06,P005,South,REP012,48,96.32,0.057,580.81,4359.828479999999,2774.0159999999996,1585.8124799999996
2024-08-26,P003,Central,REP024,41,103.76,0.19,835.3,3445.8696,2552.4959999999996,893.3736000000004
2023-06-04,P001,North,REP029,47,107.78,0.168,2796.77,4214.62912,3039.3959999999997,1175.2331199999999
2024-08-09,P001,East,REP043,47,100.01,0.144,4862.48,4023.60232,2820.282,1203.3203199999998
2024-04-04,P004,East,REP025,43,94.19,0.016,3619.44,3985.36728,2430.102,1555.26528
2024-01-04,P002,North,REP036,60,88.12,0.021,819.12,5176.1688,3172.32,2003.8488000000002
2023-11-26,P004,Central,REP026,57,72.15,0.099,1352.12,3705.4075500000004,2467.53,1237.8775500000002
2020-02-16,P003,West,REP038,46,125.67,0.032,3970.95,5595.8337599999995,3468.4919999999997,2127.34176
2023-06-10,P004,North,REP001,53,144.11,0.196,4286.48,6140.815320000001,4582.698,1558.1173200000003
2023-08-21,P001,Central,REP020,41,123.99,0.032,3279.63,4920.91512,3050.154,1870.7611199999997
2024-03-29,P001,North,REP028,57,74.82,0.097,3399.9,3851.06022,2558.8439999999996,1292.2162200000002
2023-03-12,P005,North,REP016,41,115.74,0.073,627.52,4398.93018,2847.204,1551.72618
2023-12-09,P005,South,REP047,44,120.48,0.128,4228.39,4622.57664,3180.672,1441.9046400000002
2024-03-16,P003,Central,REP017,53,91.93,0.026,4047.24,4745.61046,2923.374,1822.23646
2023-10-28,P002,West,REP040,54,109.78,0.086,1665.66,5418.3016800000005,3556.872,1861.4296800000006
2024-05-08,P004,South,REP028,58,90.87,0.055,3689.05,4980.584699999999,3162.276,1818.3086999999996
2023-07-06,P003,North,REP012,49,130.58,0.178,1466.85,5259.501240000001,3839.0520000000006,1420.4492400000008
2021-10-17,P005,North,REP027,42,107.31,0.008,681.49,4470.96384,2704.212,1766.7518400000004
2021-04-15,P004,North,REP042,60,81.66,0.183,1405.11,4002.9731999999995,2939.7599999999998,1063.2131999999997
2022-08-28,P005,Central,REP047,54,113.4,0.167,1303.83,5100.9588,3674.1600000000003,1426.7988
2022-11-01,P004,Central,REP030,54,121.18,0.06,2019.87,6151.0968,3926.232,2224.8648000000003
2023-09-15,P002,South,REP041,35,103.96,0.158,2383.02,3063.7012,2183.16,880.5412000000001
2022-01-05,P003,West,REP034,44,109.59,0.006,2788.43,4793.02824,2893.176,1899.8522399999997
2022-02-22,P004,South,REP037,38,98.6,0.193,2645.39,3023.6675999999998,2248.08,775.5875999999998
2022-08-25,P001,East,REP006,46,77.31,0.105,1718.04,3182.8527000000004,2133.756,1049.0967000000005
2020-12-23,P001,North,REP007,61,96.97,0.061,631.27,5554.3446300000005,3549.102,2005.2426300000006
2022-08-29,P004,North,REP032,50,110.46,0.073,3222.96,5119.821,3313.7999999999997,1806.0210000000002
2023-12-02,P004,North,REP032,46,97.44,0.013,2280.85,4423.97088,2689.3439999999996,1734.6268800000003
2021-10-29,P004,South,REP025,43,116.02,0.198,1844.02,4001.06572,2993.316,1007.7497200000003
2021-01-07,P001,South,REP033,51,92.16,0.008,4401.23,4662.55872,2820.096,1842.46272
2022-10-28,P001,North,REP007,51,93.47,0.131,3860.34,4142.49693,2860.1820000000002,1282.31493
2023-02-19,P004,South,REP012,43,116.62,0.089,4359.94,4568.35526,3008.796,1559.5592600000004
2023-10-03,P005,Central,REP016,62,104.44,0.19,2727.42,5244.9768,3885.1679999999997,1359.8088000000007
2021-11-06,P005,Central,REP016,47,91.77,0.049,1089.19,4101.84369,2587.9139999999998,1513.92969
2020-03-30,P002,South,REP043,47,120.68,0.106,3633.0,5070.73224,3403.176,1667.5562400000003
2024-07-29,P003,North,REP036,55,86.23,0.096,1427.33,4287.355600000001,2845.59,1441.7656000000006
2021-11-28,P005,South,REP013,60,85.46,0.141,2485.53,4404.608399999999,3076.5599999999995,1328.0483999999997
2023-09-01,P001,South,REP007,45,43.41,0.014,792.5,1926.1016999999997,1172.07,754.0316999999998
2023-04-16,P005,South,REP036,44,88.92,0.039,4213.89,3759.89328,2347.488,1412.40528
2021-06-23,P002,East,REP047,62,126.17,0.043,1066.73,7486.1707799999995,4693.523999999999,2792.64678
2022-01-01,P002,Central,REP009,47,58.55,0.148,4563.94,2344.5762,1651.11,693.4662000000001
2022-05-18,P003,West,REP032,49,80.96,0.038,4389.04,3816.2924799999996,2380.2239999999997,1436.06848
2020-02-10,P005,West,REP011,47,108.78,0.115,2590.62,4524.7041,3067.596,1457.1081
2022-01-09,P001,East,REP008,51,55.1,0.043,3849.66,2689.2657,1686.06,1003.2057
2024-09-23,P001,South,REP033,57,89.79,0.172,3287.5,4237.728840000001,3070.818,1166.9108400000005
2021-05-16,P004,East,REP023,49,122.82,0.188,4113.84,4886.76216,3610.9079999999994,1275.8541600000008
2022-08-16,P001,East,REP025,47,140.86,0.104,2443.12,5931.896320000001,3972.2520000000004,1959.6443200000003
2023-03-14,P003,North,REP008,64,105.8,0.07,4036.14,6297.215999999999,4062.72,2234.4959999999996
2023-05-09,P003,Central,REP045,55,81.47,0.047,2581.06,4270.250050000001,2688.51,1581.7400500000003
2022-07-17,P001,West,REP022,58,80.8,0.01,4734.35,4639.535999999999,2811.8399999999997,1827.6959999999995
2024-10-13,P001,South,REP004,34,102.9,0.054,2688.67,3309.6756,2099.1600000000003,1210.5155999999997
2021-04-05,P004,West,REP040,54,105.62,0.131,2581.79,4956.32412,3422.088,1534.23612
2022-01-01,P001,West,REP003,55,137.16,0.107,4032.82,6736.6134,4526.28,2210.3334000000004
2022-01-21,P004,Central,REP029,53,119.42,0.189,4197.1,5133.02986,3797.556,1335.4738599999996
2022-07-13,P004,West,REP041,55,101.68,0.079,2995.2,5150.600400000001,3355.44,1795.1604000000011
2022-06-27,P001,West,REP029,43,93.3,0.139,1309.09,3454.2459,2407.14,1047.1059
2024-04-30,P002,East,REP034,55,160.29,0.098,2604.91,7951.986899999999,5289.569999999999,2662.4169
2024-04-19,P002,Central,REP034,48,112.53,0.103,4856.33,4845.09168,3240.864,1604.2276800000004
2023-06-30,P004,North,REP028,61,86.62,0.054,3888.44,4998.49372,3170.2920000000004,1828.20172
2021-01-24,P001,South,REP013,54,95.51,0.091,4150.23,4688.2038600000005,3094.524,1593.6798600000006
2024-06-05,P002,West,REP015,49,82.45,0.094,647.71,3660.2853000000005,2424.03,1236.2553000000003
2022-06-01,P001,South,REP023,43,51.91,0.141,2605.37,1917.3996699999996,1339.2779999999998,578.1216699999998
2020-09-12,P001,North,REP044,44,106.25,0.188,3409.8,3796.1000000000004,2805.0,991.1000000000004
2021-12-09,P001,South,REP026,58,135.65,0.066,4235.15,7348.4318,4720.62,2627.8118000000004
2021-03-25,P005,North,REP004,42,67.39,0.008,721.73,2807.73696,1698.228,1109.5089600000001
2020-01-10,P001,East,REP026,52,101.11,0.099,4335.97,4737.20572,3154.632,1582.5737199999999
2022-04-03,P005,West,REP040,51,85.86,0.109,2967.8,3901.5642599999996,2627.316,1274.2482599999998
2022-03-08,P004,North,REP009,53,110.43,0.034,1387.91,5653.79514,3511.674,2142.12114
2023-06-19,P002,South,REP005,61,96.55,0.152,1927.65,4994.3384,3533.73,1460.6083999999996
2023-06-28,P002,West,REP032,46,72.8,0.197,1768.68,2689.0863999999997,2009.2799999999997,679.8063999999999
2022-05-26,P002,East,REP020,52,80.38,0.189,2888.87,3389.78536,2507.856,881.9293599999996
2022-10-25,P002,West,REP050,49,83.39,0.039,732.59,3926.75171,2451.666,1475.0857099999998
2023-02-16,P002,North,REP011,47,126.89,0.175,1213.41,4920.15975,3578.298,1341.86175
2022-10-12,P002,East,REP015,38,125.87,0.141,4157.12,4108.64854,2869.8360000000002,1238.81254
2024-12-29,P002,South,REP032,58,93.77,0.091,1096.72,4943.74194,3263.196,1680.54594
2021-01-08,P004,East,REP028,48,124.56,0.108,1550.28,5333.16096,3587.328,1745.8329600000002
2022-12-24,P001,East,REP022,54,96.54,0.17,2540.17,4326.9228,3127.896,1199.0268
2020-05-25,P003,Central,REP041,53,93.47,0.096,2827.04,4478.33464,2972.346,1505.98864
2020-08-11,P005,East,REP017,43,101.14,0.075,3936.25,4022.8435000000004,2609.4120000000003,1413.4315000000001
2023-06-16,P003,East,REP026,46,105.7,0.099,2513.0,4380.8422,2917.3199999999997,1463.5222000000003
2020-06-25,P003,West,REP044,59,88.89,0.116,4054.39,4636.14684,3146.706,1489.4408400000002
2024-12-07,P001,South,REP007,49,100.44,0.038,3282.56,4734.540719999999,2952.9359999999997,1781.6047199999994
2022-05-02,P001,West,REP042,50,115.75,0.18,1008.95,4745.75,3472.5,1273.25
2023-07-29,P001,West,REP026,35,102.59,0.135,1203.49,3105.91225,2154.39,951.52225
2020-03-03,P002,North,REP025,40,100.86,0.127,2466.65,3522.0312,2420.64,1101.3912
2023-05-25,P004,West,REP010,51,109.88,0.02,2286.0,5491.8024,3362.328,2129.4743999999996
2022-04-06,P002,Central,REP045,52,113.33,0.121,3845.95,5180.08764,3535.8959999999997,1644.19164
2022-03-05,P004,Central,REP019,47,98.75,0.024,3113.32,4529.86,2784.75,1745.1099999999997
2021-11-19,P004,North,REP011,62,90.52,0.016,2246.6,5522.44416,3367.3439999999996,2155.1001600000004
2024-01-24,P003,South,REP013,52,103.78,0.105,1268.42,4829.921200000001,3237.936,1591.9852000000005
2024-06-21,P003,South,REP008,53,68.12,0.081,1520.77,3317.92084,2166.216,1151.7048400000003
2020-04-14,P004,West,REP040,52,95.79,0.118,3089.75,4393.31256,2988.6479999999997,1404.6645600000006
2023-01-27,P004,West,REP004,51,50.57,0.018,2405.47,2532.64674,1547.442,985.2047400000001
2021-05-25,P002,West,REP047,50,66.48,0.086,2817.17,3038.136,1994.3999999999999,1043.736
2021-01-19,P002,South,REP031,57,63.48,0.035,1268.05,3491.7173999999995,2171.0159999999996,1320.7014
2021-02-08,P003,East,REP028,38,120.95,0.197,3483.08,3690.6683,2757.6600000000003,933.0082999999995
2022-04-02,P001,Central,REP011,53,100.28,0.112,4336.42,4719.577920000001,3188.904,1530.6739200000006
2021-06-01,P004,East,REP043,45,74.76,0.137,1660.73,2903.3046000000004,2018.52,884.7846000000004
2021-04-20,P002,East,REP001,47,109.82,0.065,2711.81,4826.039900000001,3096.924,1729.1159000000007
2021-12-09,P003,South,REP049,62,119.77,0.019,4889.87,7284.6509399999995,4455.4439999999995,2829.20694
2024-07-26,P002,East,REP047,46,110.17,0.195,1999.59,4079.5950999999995,3040.6919999999996,1038.9031
2022-02-09,P004,North,REP038,46,96.23,0.057,3177.71,4174.26494,2655.948,1518.3169400000002
2023-12-31,P004,West,REP024,55,104.65,0.085,905.88,5266.5112500000005,3453.45,1813.0612500000007
2022-11-12,P005,North,REP047,50,118.03,0.13,3227.07,5134.305,3540.9,1593.4050000000002
2022-09-23,P001,Central,REP031,44,90.62,0.005,903.34,3967.3436,2392.368,1574.9756000000002
2024-05-07,P005,West,REP041,48,100.6,0.162,4816.56,4046.534399999999,2897.2799999999993,1149.2543999999998
2021-11-07,P003,East,REP046,44,94.86,0.107,3720.48,3727.23912,2504.304,1222.93512
2021-12-14,P002,Central,REP050,50,67.73,0.056,4046.72,3196.8559999999998,2031.8999999999999,1164.956
2024-01-21,P003,West,REP026,36,118.33,0.012,3668.47,4208.76144,2555.928,1652.8334400000003
2020-03-23,P004,East,REP049,40,141.15,0.032,3153.78,5465.3279999999995,3387.6,2077.7279999999996
2023-03-14,P005,North,REP050,40,82.52,0.179,2524.61,2709.9567999999995,1980.4799999999998,729.4767999999997
2023-01-13,P005,West,REP005,49,119.25,0.137,4362.68,5042.72475,3505.95,1536.7747500000005
2023-01-06,P005,East,REP020,45,83.16,0.05,4805.76,3555.0899999999997,2245.3199999999997,1309.77
2021-04-01,P003,North,REP041,52,102.66,0.013,2745.66,5268.92184,3202.9919999999997,2065.9298400000002
2020-01-01,P004,Central,REP011,46,130.16,0.138,4691.91,5161.1043199999995,3592.4159999999997,1568.6883199999997
2020-02-20,P002,Central,REP033,40,89.59,0.114,3125.0,3175.0696000000003,2150.1600000000003,1024.9096
2021-11-15,P002,Central,REP050,39,99.71,0.081,2922.73,3573.7061099999996,2333.2139999999995,1240.4921100000001
2021-12-17,P003,Central,REP038,59,63.97,0.073,2545.17,3498.7112100000004,2264.538,1234.1732100000004
2024-11-30,P005,South,REP027,54,86.72,0.043,1441.79,4481.51616,2809.728,1671.78816
2024-01-09,P001,West,REP034,53,61.87,0.134,516.74,2839.7092599999996,1967.4659999999997,872.24326
2021-03-24,P003,West,REP015,50,108.58,0.194,1586.78,4375.774,3257.4,1118.3740000000003
2022-05-30,P003,South,REP032,45,116.63,0.035,2793.75,5064.657749999999,3149.0099999999998,1915.6477499999996
2021-05-02,P004,East,REP021,63,95.57,0.119,2209.82,5304.42171,3612.546,1691.8757099999998
2024-12-28,P002,East,REP046,50,105.72,0.085,2518.18,4836.6900000000005,3171.6,1665.0900000000006
2020-02-03,P003,Central,REP005,52,93.49,0.089,4912.92,4428.80828,2916.8879999999995,1511.9202800000007
2023-10-03,P003,North,REP006,44,114.81,0.051,2076.23,4794.00636,3030.984,1763.0223600000004
2020-04-04,P005,East,REP038,58,102.59,0.165,2534.82,4968.4337,3570.132,1398.3016999999995
2022-12-31,P005,North,REP022,50,60.29,0.097,1100.82,2722.0935,1808.7,913.3934999999999
2024-04-23,P001,West,REP018,47,118.8,0.109,715.81,4974.9875999999995,3350.1599999999994,1624.8276
2020-06-02,P004,North,REP014,38,92.21,0.061,3989.34,3290.23722,2102.3879999999995,1187.8492200000005
2020-09-06,P001,West,REP010,63,74.59,0.036,3068.07,4529.99988,2819.502,1710.4978800000004
2021-11-04,P005,South,REP046,40,91.22,0.017,3923.17,3586.7704000000003,2189.28,1397.4904000000001
2021-03-13,P002,South,REP013,56,61.96,0.143,1174.38,2973.58432,2081.856,891.7283199999997
2020-04-27,P005,Central,REP031,60,75.0,0.039,3073.23,4324.5,2700.0,1624.5
2022-02-09,P004,East,REP030,61,102.86,0.138,1641.39,5408.58452,3764.676,1643.9085200000004
2023-08-22,P005,Central,REP003,41,104.53,0.078,1526.28,3951.4430600000005,2571.438,1380.0050600000004
2020-09-24,P004,West,REP030,56,106.13,0.083,551.87,5449.98776,3565.968,1884.0197600000001
2022-12-13,P004,Central,REP006,46,100.06,0.094,1086.53,4170.100560000001,2761.656,1408.4445600000008
2020-08-23,P004,North,REP029,56,86.14,0.074,1891.71,4466.875840000001,2894.304,1572.5718400000005
2021-01-23,P004,West,REP008,44,98.91,0.02,1025.95,4264.9992,2611.2239999999997,1653.7752000000005
2022-09-16,P004,South,REP044,32,91.26,0.062,4936.36,2739.26016,1752.192,987.0681599999998
2024-10-23,P002,East,REP045,49,67.48,0.133,1888.85,2866.75284,1983.9119999999998,882.8408400000003
2022-02-01,P001,West,REP043,41,84.55,0.133,1086.46,3005.49885,2079.93,925.5688500000001
2021-02-04,P003,West,REP044,56,117.79,0.057,1395.87,6220.25432,3957.744,2262.51032
2021-09-15,P001,North,REP033,51,131.77,0.092,3144.66,6102.005160000001,4032.1620000000003,2069.8431600000004
2022-02-05,P004,East,REP017,38,113.03,0.039,788.2,4127.62954,2577.0840000000003,1550.5455399999996
2023-08-19,P002,South,REP048,62,130.87,0.042,4380.95,7773.15452,4868.3640000000005,2904.7905199999996
2022-07-07,P005,West,REP011,58,101.71,0.005,4826.75,5869.6840999999995,3539.5079999999994,2330.1761
